Order_ID,Restaurant_ID,Customer_ID,Order_Time,Food_Prep_Time,Packaging_Time,Order_Value
ORD_1,REST_30,CUST_72,2025-03-01 10:28:02,14,8,298
ORD_2,REST_11,CUST_237,2025-03-01 08:18:59,19,3,122
ORD_3,REST_15,CUST_205,2025-03-01 01:32:59,9,4,229
ORD_4,REST_42,CUST_210,2025-03-01 01:00:51,5,5,147
ORD_5,REST_35,CUST_455,2025-03-01 13:26:38,6,6,445
ORD_6,REST_21,CUST_69,2025-03-01 17:25:13,7,2,103
ORD_7,REST_2,CUST_37,2025-03-01 21:42:11,11,8,274
ORD_8,REST_11,CUST_258,2025-03-01 19:23:02,10,4,476
ORD_9,REST_38,CUST_274,2025-03-01 14:15:05,8,6,273
ORD_10,REST_35,CUST_467,2025-03-01 09:24:19,7,5,299
ORD_11,REST_27,CUST_340,2025-03-01 19:10:53,11,4,325
ORD_12,REST_9,CUST_497,2025-03-01 14:17:23,5,10,334
ORD_13,REST_45,CUST_65,2025-03-01 17:56:59,20,5,258
ORD_14,REST_25,CUST_146,2025-03-01 00:49:12,20,3,122
ORD_15,REST_15,CUST_497,2025-03-01 16:17:11,9,4,280
ORD_16,REST_2,CUST_128,2025-03-01 20:50:31,13,9,384
ORD_17,REST_34,CUST_104,2025-03-01 10:04:48,5,10,407
ORD_18,REST_24,CUST_471,2025-03-01 18:05:12,6,5,126
ORD_19,REST_14,CUST_150,2025-03-01 21:40:00,20,4,494
ORD_20,REST_48,CUST_317,2025-03-01 17:45:00,17,10,279
ORD_21,REST_7,CUST_402,2025-03-01 14:58:06,18,5,121
ORD_22,REST_14,CUST_122,2025-03-01 10:57:09,13,9,409
ORD_23,REST_43,CUST_478,2025-03-01 21:56:37,17,4,441
ORD_24,REST_9,CUST_270,2025-03-01 22:18:49,13,8,170
ORD_25,REST_7,CUST_333,2025-03-01 18:36:56,16,3,483
ORD_26,REST_38,CUST_96,2025-03-01 11:56:36,18,8,401
ORD_27,REST_16,CUST_239,2025-03-01 13:04:06,17,8,253
ORD_28,REST_15,CUST_428,2025-03-01 09:41:40,7,2,313
ORD_29,REST_39,CUST_114,2025-03-01 23:35:26,12,6,282
ORD_30,REST_27,CUST_260,2025-03-01 03:13:25,19,8,342
ORD_31,REST_30,CUST_396,2025-03-01 17:34:33,19,5,326
ORD_32,REST_37,CUST_54,2025-03-01 04:48:22,18,7,430
ORD_33,REST_22,CUST_240,2025-03-01 16:32:34,9,10,306
ORD_34,REST_38,CUST_107,2025-03-01 16:07:08,16,5,326
ORD_35,REST_32,CUST_93,2025-03-01 07:27:07,7,5,103
ORD_36,REST_29,CUST_413,2025-03-01 14:14:06,19,10,414
ORD_37,REST_18,CUST_5,2025-03-01 04:47:02,12,2,472
ORD_38,REST_34,CUST_144,2025-03-01 01:45:59,16,7,259
ORD_39,REST_18,CUST_318,2025-03-01 02:04:43,9,5,166
ORD_40,REST_42,CUST_204,2025-03-01 16:57:12,12,9,128
ORD_41,REST_5,CUST_424,2025-03-01 22:47:15,17,3,151
ORD_42,REST_21,CUST_26,2025-03-01 15:59:00,12,8,347
ORD_43,REST_37,CUST_165,2025-03-01 18:50:58,8,8,423
ORD_44,REST_48,CUST_393,2025-03-01 06:52:28,7,9,339
ORD_45,REST_35,CUST_444,2025-03-01 04:27:50,18,10,294
ORD_46,REST_30,CUST_355,2025-03-01 13:05:00,13,2,242
ORD_47,REST_13,CUST_44,2025-03-01 19:15:43,11,4,339
ORD_48,REST_24,CUST_441,2025-03-01 00:05:49,20,9,102
ORD_49,REST_23,CUST_307,2025-03-01 19:01:33,13,9,423
ORD_50,REST_13,CUST_20,2025-03-01 15:55:54,12,3,244
ORD_51,REST_32,CUST_288,2025-03-01 12:46:07,16,4,328
ORD_52,REST_19,CUST_66,2025-03-01 04:28:37,11,9,138
ORD_53,REST_32,CUST_409,2025-03-01 03:27:19,18,6,455
ORD_54,REST_11,CUST_347,2025-03-01 05:51:03,9,5,410
ORD_55,REST_10,CUST_71,2025-03-01 07:09:01,8,2,239
ORD_56,REST_14,CUST_191,2025-03-01 03:26:11,17,3,187
ORD_57,REST_12,CUST_337,2025-03-01 18:03:31,7,4,147
ORD_58,REST_19,CUST_243,2025-03-01 11:20:42,11,7,493
ORD_59,REST_32,CUST_194,2025-03-01 19:10:28,20,8,196
ORD_60,REST_18,CUST_365,2025-03-01 09:23:47,7,5,159
ORD_61,REST_20,CUST_51,2025-03-01 04:41:40,12,9,431
ORD_62,REST_15,CUST_231,2025-03-01 07:11:20,13,2,225
ORD_63,REST_40,CUST_389,2025-03-01 06:54:50,10,2,223
ORD_64,REST_45,CUST_324,2025-03-01 18:24:34,5,9,274
ORD_65,REST_36,CUST_222,2025-03-01 05:07:27,6,4,192
ORD_66,REST_27,CUST_303,2025-03-01 23:39:53,17,8,463
ORD_67,REST_18,CUST_81,2025-03-01 17:44:00,12,6,249
ORD_68,REST_8,CUST_6,2025-03-01 05:32:23,14,8,459
ORD_69,REST_13,CUST_37,2025-03-01 16:25:34,13,6,278
ORD_70,REST_6,CUST_178,2025-03-01 08:07:23,17,4,146
ORD_71,REST_31,CUST_355,2025-03-01 07:05:00,15,8,346
ORD_72,REST_28,CUST_486,2025-03-01 17:33:48,9,10,401
ORD_73,REST_12,CUST_235,2025-03-01 22:10:42,10,5,487
ORD_74,REST_32,CUST_401,2025-03-01 12:32:33,14,3,121
ORD_75,REST_10,CUST_64,2025-03-01 14:57:40,11,5,435
ORD_76,REST_46,CUST_441,2025-03-01 18:29:28,20,10,163
ORD_77,REST_7,CUST_211,2025-03-01 04:03:52,15,4,357
ORD_78,REST_47,CUST_139,2025-03-01 01:05:56,16,10,205
ORD_79,REST_11,CUST_392,2025-03-01 19:55:05,17,2,285
ORD_80,REST_33,CUST_346,2025-03-01 15:55:04,10,6,431
ORD_81,REST_21,CUST_374,2025-03-01 07:31:03,6,9,300
ORD_82,REST_32,CUST_282,2025-03-01 19:33:03,12,9,366
ORD_83,REST_13,CUST_84,2025-03-01 00:12:12,7,7,203
ORD_84,REST_6,CUST_337,2025-03-01 23:52:49,13,7,396
ORD_85,REST_45,CUST_160,2025-03-01 09:19:43,20,4,286
ORD_86,REST_1,CUST_195,2025-03-01 06:54:52,12,9,212
ORD_87,REST_17,CUST_415,2025-03-01 01:31:24,6,9,148
ORD_88,REST_21,CUST_452,2025-03-01 09:56:02,5,9,475
ORD_89,REST_20,CUST_457,2025-03-01 03:07:08,17,6,135
ORD_90,REST_8,CUST_225,2025-03-01 01:17:12,13,6,173
ORD_91,REST_19,CUST_435,2025-03-01 16:34:03,7,10,179
ORD_92,REST_36,CUST_8,2025-03-01 21:57:40,5,4,142
ORD_93,REST_13,CUST_285,2025-03-01 09:35:44,9,5,431
ORD_94,REST_32,CUST_268,2025-03-01 19:27:35,12,6,141
ORD_95,REST_30,CUST_342,2025-03-01 05:43:17,8,9,452
ORD_96,REST_12,CUST_345,2025-03-01 15:01:00,10,9,110
ORD_97,REST_16,CUST_119,2025-03-01 20:51:42,5,9,405
ORD_98,REST_48,CUST_348,2025-03-01 10:17:31,15,3,278
ORD_99,REST_27,CUST_145,2025-03-01 18:27:53,10,2,229
ORD_100,REST_5,CUST_224,2025-03-01 22:43:55,14,5,233
ORD_101,REST_15,CUST_483,2025-03-01 13:05:48,5,3,165
ORD_102,REST_40,CUST_187,2025-03-01 15:06:08,16,8,163
ORD_103,REST_47,CUST_223,2025-03-01 07:43:35,19,9,290
ORD_104,REST_40,CUST_208,2025-03-01 23:15:40,17,2,266
ORD_105,REST_26,CUST_116,2025-03-01 07:13:14,8,8,343
ORD_106,REST_7,CUST_387,2025-03-01 22:48:04,13,9,192
ORD_107,REST_15,CUST_45,2025-03-01 14:18:07,10,10,340
ORD_108,REST_26,CUST_308,2025-03-01 11:19:35,8,7,187
ORD_109,REST_12,CUST_13,2025-03-01 22:30:02,5,7,289
ORD_110,REST_7,CUST_147,2025-03-01 23:22:47,19,10,290
ORD_111,REST_38,CUST_152,2025-03-01 14:03:24,16,4,228
ORD_112,REST_40,CUST_81,2025-03-01 03:23:03,15,5,151
ORD_113,REST_9,CUST_419,2025-03-01 15:18:05,9,2,402
ORD_114,REST_44,CUST_247,2025-03-01 10:02:28,19,7,375
ORD_115,REST_46,CUST_67,2025-03-01 08:53:47,7,2,202
ORD_116,REST_31,CUST_334,2025-03-01 17:40:19,9,10,424
ORD_117,REST_25,CUST_297,2025-03-01 03:48:20,8,4,157
ORD_118,REST_47,CUST_381,2025-03-01 02:09:58,11,4,184
ORD_119,REST_37,CUST_179,2025-03-01 13:57:29,14,4,317
ORD_120,REST_17,CUST_18,2025-03-01 04:43:56,10,6,259
ORD_121,REST_18,CUST_382,2025-03-01 08:23:34,5,5,254
ORD_122,REST_30,CUST_418,2025-03-01 07:43:29,12,10,451
ORD_123,REST_42,CUST_175,2025-03-01 09:29:15,5,3,198
ORD_124,REST_8,CUST_140,2025-03-01 08:50:09,20,3,282
ORD_125,REST_18,CUST_10,2025-03-01 15:34:35,6,3,367
ORD_126,REST_16,CUST_485,2025-03-01 03:27:02,13,7,207
ORD_127,REST_36,CUST_143,2025-03-01 16:41:53,9,4,347
ORD_128,REST_17,CUST_71,2025-03-01 03:21:08,14,9,431
ORD_129,REST_32,CUST_219,2025-03-01 23:32:59,6,10,340
ORD_130,REST_11,CUST_274,2025-03-01 14:40:15,6,8,240
ORD_131,REST_34,CUST_386,2025-03-01 05:59:11,8,5,166
ORD_132,REST_41,CUST_93,2025-03-01 02:06:30,20,3,312
ORD_133,REST_14,CUST_436,2025-03-01 06:47:16,11,2,208
ORD_134,REST_8,CUST_250,2025-03-01 07:54:39,20,5,161
ORD_135,REST_22,CUST_102,2025-03-01 03:33:02,13,9,262
ORD_136,REST_23,CUST_462,2025-03-01 07:43:06,8,5,208
ORD_137,REST_42,CUST_419,2025-03-01 02:30:38,11,4,164
ORD_138,REST_7,CUST_456,2025-03-01 00:56:13,16,7,462
ORD_139,REST_30,CUST_16,2025-03-01 05:22:13,17,5,327
ORD_140,REST_44,CUST_402,2025-03-01 04:17:39,17,6,110
ORD_141,REST_14,CUST_386,2025-03-01 23:33:45,6,8,261
ORD_142,REST_4,CUST_350,2025-03-01 12:33:19,13,8,197
ORD_143,REST_42,CUST_224,2025-03-01 07:44:40,5,6,196
ORD_144,REST_21,CUST_459,2025-03-01 21:35:48,20,8,243
ORD_145,REST_42,CUST_343,2025-03-01 19:14:45,8,7,354
ORD_146,REST_34,CUST_415,2025-03-01 13:20:58,14,6,297
ORD_147,REST_48,CUST_395,2025-03-01 04:30:52,16,8,136
ORD_148,REST_30,CUST_445,2025-03-01 11:36:16,16,7,422
ORD_149,REST_17,CUST_430,2025-03-01 13:40:52,19,10,477
ORD_150,REST_32,CUST_147,2025-03-01 22:17:46,13,3,166
ORD_151,REST_9,CUST_302,2025-03-01 19:06:43,12,9,126
ORD_152,REST_26,CUST_496,2025-03-01 07:02:56,19,7,178
ORD_153,REST_5,CUST_373,2025-03-01 10:31:38,20,9,186
ORD_154,REST_16,CUST_365,2025-03-01 02:34:12,15,4,201
ORD_155,REST_2,CUST_389,2025-03-01 05:30:29,7,7,219
ORD_156,REST_9,CUST_103,2025-03-01 00:06:34,9,10,145
ORD_157,REST_4,CUST_5,2025-03-01 10:53:32,15,10,235
ORD_158,REST_5,CUST_7,2025-03-01 07:01:44,10,7,249
ORD_159,REST_30,CUST_450,2025-03-01 19:20:02,17,9,335
ORD_160,REST_44,CUST_452,2025-03-01 05:57:05,5,3,145
ORD_161,REST_42,CUST_296,2025-03-01 03:54:34,9,7,381
ORD_162,REST_22,CUST_431,2025-03-01 01:04:14,18,5,412
ORD_163,REST_8,CUST_145,2025-03-01 03:35:47,6,6,155
ORD_164,REST_26,CUST_166,2025-03-01 00:48:01,9,6,280
ORD_165,REST_7,CUST_114,2025-03-01 16:56:47,12,6,299
ORD_166,REST_15,CUST_264,2025-03-01 15:52:06,15,6,457
ORD_167,REST_28,CUST_458,2025-03-01 22:00:25,11,10,316
ORD_168,REST_24,CUST_288,2025-03-01 10:59:41,15,4,127
ORD_169,REST_46,CUST_415,2025-03-01 10:13:14,8,7,436
ORD_170,REST_42,CUST_89,2025-03-01 05:52:41,14,6,428
ORD_171,REST_33,CUST_438,2025-03-01 19:38:22,17,7,472
ORD_172,REST_15,CUST_487,2025-03-01 13:18:23,13,6,290
ORD_173,REST_26,CUST_72,2025-03-01 01:54:10,7,3,408
ORD_174,REST_48,CUST_133,2025-03-01 13:55:22,20,2,224
ORD_175,REST_47,CUST_234,2025-03-01 20:26:20,19,8,121
ORD_176,REST_36,CUST_310,2025-03-01 05:00:12,6,6,122
ORD_177,REST_15,CUST_437,2025-03-01 06:29:16,15,4,294
ORD_178,REST_38,CUST_333,2025-03-01 16:35:59,19,8,250
ORD_179,REST_27,CUST_154,2025-03-01 15:47:26,18,5,431
ORD_180,REST_46,CUST_228,2025-03-01 00:09:20,20,3,433
ORD_181,REST_24,CUST_385,2025-03-01 18:31:14,9,9,426
ORD_182,REST_48,CUST_344,2025-03-01 16:00:19,9,5,321
ORD_183,REST_40,CUST_100,2025-03-01 08:02:14,8,3,478
ORD_184,REST_10,CUST_385,2025-03-01 23:23:51,16,8,398
ORD_185,REST_2,CUST_476,2025-03-01 13:41:17,6,5,252
ORD_186,REST_41,CUST_279,2025-03-01 23:11:02,15,6,480
ORD_187,REST_38,CUST_252,2025-03-01 04:41:13,10,8,191
ORD_188,REST_36,CUST_241,2025-03-01 01:20:59,14,6,105
ORD_189,REST_19,CUST_34,2025-03-01 08:11:31,14,3,153
ORD_190,REST_1,CUST_32,2025-03-01 17:41:29,18,2,294
ORD_191,REST_12,CUST_279,2025-03-01 04:52:05,11,6,403
ORD_192,REST_36,CUST_37,2025-03-01 01:47:22,13,5,171
ORD_193,REST_14,CUST_80,2025-03-01 11:38:59,5,9,193
ORD_194,REST_19,CUST_340,2025-03-01 05:41:07,8,2,202
ORD_195,REST_17,CUST_173,2025-03-01 17:31:21,7,6,130
ORD_196,REST_23,CUST_125,2025-03-01 20:38:35,10,5,175
ORD_197,REST_5,CUST_63,2025-03-01 09:13:06,11,4,309
ORD_198,REST_31,CUST_341,2025-03-01 16:03:04,11,10,304
ORD_199,REST_33,CUST_302,2025-03-01 17:07:40,13,6,265
ORD_200,REST_41,CUST_29,2025-03-01 18:47:22,20,3,307
ORD_201,REST_21,CUST_127,2025-03-01 06:57:30,5,2,340
ORD_202,REST_29,CUST_122,2025-03-01 18:37:22,18,8,136
ORD_203,REST_17,CUST_250,2025-03-01 02:17:22,18,4,151
ORD_204,REST_6,CUST_99,2025-03-01 07:56:48,18,5,163
ORD_205,REST_3,CUST_195,2025-03-01 05:27:39,5,4,427
ORD_206,REST_2,CUST_134,2025-03-01 02:24:47,7,9,445
ORD_207,REST_6,CUST_250,2025-03-01 02:34:19,12,9,423
ORD_208,REST_44,CUST_250,2025-03-01 17:26:16,17,4,307
ORD_209,REST_7,CUST_259,2025-03-01 21:31:13,9,3,443
ORD_210,REST_43,CUST_347,2025-03-01 08:22:45,18,10,212
ORD_211,REST_17,CUST_67,2025-03-01 17:40:36,17,9,107
ORD_212,REST_21,CUST_295,2025-03-01 13:32:54,18,7,168
ORD_213,REST_6,CUST_266,2025-03-01 03:11:49,18,4,227
ORD_214,REST_39,CUST_52,2025-03-01 20:11:27,15,2,262
ORD_215,REST_36,CUST_377,2025-03-01 14:10:37,20,7,288
ORD_216,REST_46,CUST_18,2025-03-01 20:28:52,6,9,452
ORD_217,REST_22,CUST_223,2025-03-01 09:55:55,9,10,213
ORD_218,REST_31,CUST_174,2025-03-01 21:39:35,9,9,374
ORD_219,REST_36,CUST_76,2025-03-01 16:35:53,10,10,110
ORD_220,REST_37,CUST_427,2025-03-01 09:52:09,11,10,171
ORD_221,REST_37,CUST_433,2025-03-01 21:21:36,10,8,480
ORD_222,REST_6,CUST_102,2025-03-01 14:16:23,13,10,458
ORD_223,REST_9,CUST_290,2025-03-01 15:25:59,19,6,219
ORD_224,REST_13,CUST_211,2025-03-01 01:43:23,19,3,135
ORD_225,REST_38,CUST_445,2025-03-01 02:10:32,18,3,428
ORD_226,REST_44,CUST_301,2025-03-01 05:52:31,5,9,432
ORD_227,REST_37,CUST_421,2025-03-01 05:23:02,9,7,485
ORD_228,REST_35,CUST_258,2025-03-01 14:59:10,5,4,115
ORD_229,REST_26,CUST_419,2025-03-01 07:38:23,7,8,217
ORD_230,REST_39,CUST_170,2025-03-01 08:56:43,14,7,415
ORD_231,REST_30,CUST_50,2025-03-01 09:43:39,6,3,343
ORD_232,REST_28,CUST_372,2025-03-01 12:52:24,19,2,137
ORD_233,REST_36,CUST_279,2025-03-01 03:24:20,8,4,446
ORD_234,REST_31,CUST_96,2025-03-01 01:56:29,5,9,373
ORD_235,REST_22,CUST_161,2025-03-01 23:05:19,9,10,162
ORD_236,REST_12,CUST_60,2025-03-01 15:57:20,14,5,455
ORD_237,REST_42,CUST_413,2025-03-01 21:38:15,12,2,273
ORD_238,REST_40,CUST_207,2025-03-01 08:07:32,8,9,201
ORD_239,REST_22,CUST_319,2025-03-01 06:35:54,7,8,291
ORD_240,REST_32,CUST_406,2025-03-01 09:51:11,15,9,473
ORD_241,REST_1,CUST_447,2025-03-01 21:38:21,14,3,409
ORD_242,REST_22,CUST_161,2025-03-01 04:49:54,14,6,447
ORD_243,REST_43,CUST_96,2025-03-01 08:28:17,11,8,436
ORD_244,REST_43,CUST_91,2025-03-01 14:09:57,16,4,285
ORD_245,REST_14,CUST_280,2025-03-01 16:56:42,16,8,185
ORD_246,REST_40,CUST_343,2025-03-01 17:39:18,15,4,391
ORD_247,REST_45,CUST_48,2025-03-01 00:06:54,16,10,377
ORD_248,REST_35,CUST_123,2025-03-01 04:37:19,12,6,456
ORD_249,REST_6,CUST_287,2025-03-01 01:21:19,17,10,132
ORD_250,REST_37,CUST_210,2025-03-01 21:58:27,14,8,332
ORD_251,REST_49,CUST_8,2025-03-01 14:01:34,6,7,346
ORD_252,REST_24,CUST_62,2025-03-01 07:41:35,17,4,181
ORD_253,REST_27,CUST_150,2025-03-01 06:21:52,8,9,396
ORD_254,REST_24,CUST_46,2025-03-01 06:20:02,10,8,419
ORD_255,REST_34,CUST_287,2025-03-01 13:50:17,8,4,158
ORD_256,REST_16,CUST_103,2025-03-01 14:38:30,19,6,156
ORD_257,REST_47,CUST_100,2025-03-01 22:37:16,16,7,205
ORD_258,REST_38,CUST_99,2025-03-01 06:15:03,9,7,352
ORD_259,REST_30,CUST_47,2025-03-01 12:34:57,5,5,115
ORD_260,REST_37,CUST_330,2025-03-01 13:15:42,18,5,450
ORD_261,REST_25,CUST_209,2025-03-01 07:42:04,6,6,443
ORD_262,REST_2,CUST_84,2025-03-01 07:54:33,9,2,224
ORD_263,REST_31,CUST_470,2025-03-01 10:19:31,5,7,480
ORD_264,REST_24,CUST_159,2025-03-01 16:05:18,7,8,210
ORD_265,REST_43,CUST_283,2025-03-01 01:39:26,9,4,140
ORD_266,REST_21,CUST_287,2025-03-01 13:40:56,16,5,198
ORD_267,REST_25,CUST_93,2025-03-01 13:36:55,9,4,234
ORD_268,REST_50,CUST_270,2025-03-01 14:36:15,11,9,379
ORD_269,REST_2,CUST_80,2025-03-01 13:02:10,13,3,190
ORD_270,REST_14,CUST_83,2025-03-01 16:51:04,16,9,488
ORD_271,REST_18,CUST_99,2025-03-01 00:08:07,12,4,450
ORD_272,REST_22,CUST_438,2025-03-01 06:21:31,5,6,422
ORD_273,REST_3,CUST_344,2025-03-01 14:41:04,15,6,120
ORD_274,REST_49,CUST_317,2025-03-01 11:59:20,15,6,491
ORD_275,REST_1,CUST_236,2025-03-01 06:59:20,5,10,356
ORD_276,REST_31,CUST_14,2025-03-01 17:25:05,14,5,476
ORD_277,REST_2,CUST_396,2025-03-01 15:33:38,20,3,149
ORD_278,REST_38,CUST_406,2025-03-01 08:57:22,17,4,356
ORD_279,REST_17,CUST_179,2025-03-01 00:31:42,12,10,287
ORD_280,REST_49,CUST_336,2025-03-01 10:27:14,20,6,301
ORD_281,REST_27,CUST_1,2025-03-01 03:13:03,10,10,259
ORD_282,REST_34,CUST_297,2025-03-01 08:26:39,8,6,140
ORD_283,REST_12,CUST_292,2025-03-01 17:27:31,11,10,358
ORD_284,REST_42,CUST_434,2025-03-01 19:22:19,14,2,309
ORD_285,REST_5,CUST_395,2025-03-01 23:15:44,9,9,383
ORD_286,REST_45,CUST_194,2025-03-01 10:08:58,8,2,480
ORD_287,REST_35,CUST_292,2025-03-01 14:36:48,11,7,177
ORD_288,REST_20,CUST_59,2025-03-01 02:10:08,15,9,106
ORD_289,REST_2,CUST_276,2025-03-01 01:28:58,5,5,180
ORD_290,REST_25,CUST_219,2025-03-01 02:16:00,11,8,460
ORD_291,REST_9,CUST_461,2025-03-01 06:07:42,16,10,456
ORD_292,REST_36,CUST_411,2025-03-01 22:10:06,8,8,275
ORD_293,REST_2,CUST_271,2025-03-01 23:10:22,7,5,157
ORD_294,REST_36,CUST_100,2025-03-01 03:52:11,15,7,498
ORD_295,REST_14,CUST_165,2025-03-01 21:15:42,15,8,496
ORD_296,REST_32,CUST_206,2025-03-01 21:39:42,14,3,115
ORD_297,REST_4,CUST_276,2025-03-01 16:42:56,14,9,143
ORD_298,REST_40,CUST_352,2025-03-01 10:16:23,9,4,481
ORD_299,REST_6,CUST_87,2025-03-01 15:35:03,20,10,155
ORD_300,REST_35,CUST_121,2025-03-01 00:32:23,7,8,434
ORD_301,REST_4,CUST_85,2025-03-01 03:59:59,5,4,332
ORD_302,REST_41,CUST_50,2025-03-01 21:12:07,6,3,207
ORD_303,REST_34,CUST_25,2025-03-01 16:33:59,16,3,337
ORD_304,REST_48,CUST_87,2025-03-01 03:00:25,12,10,163
ORD_305,REST_35,CUST_202,2025-03-01 21:57:06,20,8,474
ORD_306,REST_9,CUST_482,2025-03-01 12:13:26,11,3,110
ORD_307,REST_45,CUST_307,2025-03-01 03:09:53,14,3,204
ORD_308,REST_41,CUST_167,2025-03-01 23:04:55,14,5,241
ORD_309,REST_2,CUST_410,2025-03-01 19:05:34,12,5,468
ORD_310,REST_18,CUST_333,2025-03-01 20:19:52,13,4,274
ORD_311,REST_27,CUST_177,2025-03-01 17:24:46,17,2,170
ORD_312,REST_41,CUST_429,2025-03-01 09:02:09,8,5,203
ORD_313,REST_50,CUST_43,2025-03-01 21:08:45,18,2,158
ORD_314,REST_13,CUST_373,2025-03-01 14:20:17,11,4,190
ORD_315,REST_50,CUST_320,2025-03-01 07:13:06,7,7,194
ORD_316,REST_37,CUST_341,2025-03-01 02:27:55,7,9,449
ORD_317,REST_38,CUST_443,2025-03-01 11:38:41,17,8,383
ORD_318,REST_11,CUST_258,2025-03-01 19:38:22,6,6,196
ORD_319,REST_43,CUST_336,2025-03-01 12:27:51,8,3,249
ORD_320,REST_1,CUST_416,2025-03-01 21:27:09,12,2,278
ORD_321,REST_39,CUST_490,2025-03-01 03:21:54,13,6,254
ORD_322,REST_27,CUST_387,2025-03-01 04:58:26,7,10,336
ORD_323,REST_4,CUST_274,2025-03-01 18:13:18,8,9,448
ORD_324,REST_5,CUST_179,2025-03-01 08:55:34,10,3,428
ORD_325,REST_38,CUST_379,2025-03-01 23:56:02,20,10,241
ORD_326,REST_34,CUST_145,2025-03-01 06:15:02,8,5,129
ORD_327,REST_22,CUST_177,2025-03-01 19:53:58,12,7,274
ORD_328,REST_6,CUST_105,2025-03-01 12:01:42,8,10,255
ORD_329,REST_36,CUST_443,2025-03-01 04:35:17,13,8,385
ORD_330,REST_32,CUST_444,2025-03-01 05:00:19,7,7,439
ORD_331,REST_22,CUST_90,2025-03-01 09:42:47,16,3,407
ORD_332,REST_34,CUST_453,2025-03-01 11:38:13,5,10,490
ORD_333,REST_15,CUST_302,2025-03-01 15:32:04,20,3,120
ORD_334,REST_20,CUST_328,2025-03-01 23:19:01,10,10,307
ORD_335,REST_36,CUST_138,2025-03-01 12:18:38,19,9,387
ORD_336,REST_13,CUST_418,2025-03-01 14:42:31,15,7,231
ORD_337,REST_46,CUST_179,2025-03-01 15:47:22,18,10,236
ORD_338,REST_18,CUST_417,2025-03-01 00:50:59,10,6,495
ORD_339,REST_16,CUST_434,2025-03-01 17:04:16,14,10,323
ORD_340,REST_9,CUST_318,2025-03-01 12:12:13,9,4,278
ORD_341,REST_26,CUST_99,2025-03-01 11:09:10,14,3,148
ORD_342,REST_26,CUST_448,2025-03-01 15:45:54,12,9,167
ORD_343,REST_17,CUST_73,2025-03-01 07:45:25,16,9,133
ORD_344,REST_42,CUST_23,2025-03-01 08:51:40,18,10,222
ORD_345,REST_40,CUST_214,2025-03-01 19:39:48,19,7,215
ORD_346,REST_20,CUST_106,2025-03-01 21:11:18,9,2,311
ORD_347,REST_46,CUST_111,2025-03-01 22:03:05,6,10,289
ORD_348,REST_38,CUST_498,2025-03-01 06:58:11,8,2,313
ORD_349,REST_5,CUST_7,2025-03-01 09:46:31,7,10,176
ORD_350,REST_3,CUST_159,2025-03-01 06:18:04,5,3,317
ORD_351,REST_45,CUST_214,2025-03-01 16:18:36,17,9,122
ORD_352,REST_24,CUST_378,2025-03-01 07:41:55,14,2,230
ORD_353,REST_43,CUST_131,2025-03-01 11:07:31,20,9,277
ORD_354,REST_49,CUST_107,2025-03-01 15:24:23,19,2,365
ORD_355,REST_5,CUST_239,2025-03-01 17:32:42,5,4,467
ORD_356,REST_13,CUST_267,2025-03-01 19:00:12,16,4,209
ORD_357,REST_15,CUST_467,2025-03-01 13:03:27,8,6,347
ORD_358,REST_2,CUST_268,2025-03-01 15:56:02,13,9,209
ORD_359,REST_1,CUST_281,2025-03-01 19:54:10,20,6,448
ORD_360,REST_32,CUST_29,2025-03-01 03:57:05,20,6,420
ORD_361,REST_2,CUST_496,2025-03-01 21:53:08,10,10,213
ORD_362,REST_49,CUST_29,2025-03-01 20:24:54,7,2,393
ORD_363,REST_33,CUST_342,2025-03-01 18:06:55,12,4,134
ORD_364,REST_9,CUST_140,2025-03-01 15:10:55,18,6,428
ORD_365,REST_50,CUST_388,2025-03-01 07:55:36,14,3,370
ORD_366,REST_32,CUST_284,2025-03-01 06:34:44,20,5,451
ORD_367,REST_29,CUST_114,2025-03-01 17:19:53,18,8,362
ORD_368,REST_26,CUST_114,2025-03-01 09:32:45,5,7,437
ORD_369,REST_34,CUST_348,2025-03-01 19:44:04,8,4,197
ORD_370,REST_17,CUST_299,2025-03-01 22:37:31,8,8,277
ORD_371,REST_16,CUST_178,2025-03-01 16:00:29,19,10,167
ORD_372,REST_14,CUST_482,2025-03-01 17:43:29,17,2,372
ORD_373,REST_26,CUST_155,2025-03-01 16:34:17,14,5,295
ORD_374,REST_23,CUST_135,2025-03-01 00:08:55,15,2,189
ORD_375,REST_7,CUST_95,2025-03-01 20:13:12,18,6,335
ORD_376,REST_42,CUST_367,2025-03-01 01:08:38,7,4,405
ORD_377,REST_21,CUST_443,2025-03-01 02:04:14,10,5,355
ORD_378,REST_29,CUST_408,2025-03-01 20:04:17,19,7,478
ORD_379,REST_30,CUST_457,2025-03-01 02:37:32,14,3,101
ORD_380,REST_30,CUST_218,2025-03-01 17:03:59,11,4,131
ORD_381,REST_30,CUST_443,2025-03-01 13:04:11,13,6,165
ORD_382,REST_16,CUST_228,2025-03-01 17:13:18,5,5,350
ORD_383,REST_47,CUST_205,2025-03-01 08:25:48,6,7,499
ORD_384,REST_13,CUST_317,2025-03-01 00:55:37,11,6,439
ORD_385,REST_31,CUST_86,2025-03-01 22:54:35,11,5,199
ORD_386,REST_9,CUST_403,2025-03-01 18:34:49,20,4,308
ORD_387,REST_45,CUST_410,2025-03-01 06:44:59,13,9,493
ORD_388,REST_5,CUST_414,2025-03-01 06:26:46,19,4,363
ORD_389,REST_21,CUST_485,2025-03-01 18:51:27,9,6,395
ORD_390,REST_17,CUST_201,2025-03-01 07:17:21,13,5,140
ORD_391,REST_42,CUST_295,2025-03-01 08:01:26,15,10,386
ORD_392,REST_36,CUST_223,2025-03-01 13:27:51,10,2,477
ORD_393,REST_45,CUST_275,2025-03-01 05:13:48,11,3,241
ORD_394,REST_39,CUST_466,2025-03-01 05:47:42,17,5,339
ORD_395,REST_13,CUST_5,2025-03-01 21:55:14,18,8,222
ORD_396,REST_13,CUST_83,2025-03-01 17:07:19,17,3,340
ORD_397,REST_23,CUST_305,2025-03-01 18:07:42,15,10,433
ORD_398,REST_35,CUST_354,2025-03-01 23:42:06,15,9,114
ORD_399,REST_35,CUST_348,2025-03-01 00:20:38,14,3,465
ORD_400,REST_49,CUST_447,2025-03-01 05:35:05,12,3,292
ORD_401,REST_4,CUST_464,2025-03-01 07:12:22,5,5,139
ORD_402,REST_24,CUST_448,2025-03-01 21:54:23,15,9,440
ORD_403,REST_44,CUST_74,2025-03-01 02:06:20,9,2,137
ORD_404,REST_22,CUST_294,2025-03-01 18:25:00,14,10,206
ORD_405,REST_25,CUST_75,2025-03-01 22:55:45,19,9,209
ORD_406,REST_20,CUST_367,2025-03-01 07:28:03,18,10,156
ORD_407,REST_17,CUST_20,2025-03-01 12:02:25,13,5,485
ORD_408,REST_6,CUST_234,2025-03-01 00:37:29,6,10,402
ORD_409,REST_29,CUST_126,2025-03-01 04:58:10,20,2,391
ORD_410,REST_49,CUST_152,2025-03-01 03:37:53,10,7,202
ORD_411,REST_45,CUST_452,2025-03-01 06:15:51,7,5,342
ORD_412,REST_40,CUST_68,2025-03-01 12:17:51,17,2,342
ORD_413,REST_42,CUST_452,2025-03-01 06:33:46,10,8,157
ORD_414,REST_6,CUST_366,2025-03-01 18:01:03,8,4,335
ORD_415,REST_13,CUST_114,2025-03-01 11:45:34,6,6,431
ORD_416,REST_49,CUST_126,2025-03-01 07:49:24,7,6,289
ORD_417,REST_48,CUST_311,2025-03-01 11:07:11,15,8,231
ORD_418,REST_30,CUST_475,2025-03-01 20:42:47,10,9,145
ORD_419,REST_35,CUST_65,2025-03-01 11:29:41,5,4,205
ORD_420,REST_18,CUST_87,2025-03-01 07:02:22,6,7,397
ORD_421,REST_2,CUST_81,2025-03-01 15:14:05,17,3,156
ORD_422,REST_35,CUST_472,2025-03-01 14:20:07,10,5,366
ORD_423,REST_2,CUST_363,2025-03-01 04:18:19,19,6,417
ORD_424,REST_32,CUST_49,2025-03-01 06:41:29,16,4,379
ORD_425,REST_30,CUST_430,2025-03-01 15:13:57,6,8,223
ORD_426,REST_26,CUST_335,2025-03-01 09:23:04,11,7,264
ORD_427,REST_8,CUST_290,2025-03-01 12:52:32,14,9,407
ORD_428,REST_26,CUST_135,2025-03-01 03:28:41,7,2,499
ORD_429,REST_4,CUST_315,2025-03-01 20:56:09,15,6,104
ORD_430,REST_11,CUST_232,2025-03-01 03:26:39,18,5,429
ORD_431,REST_16,CUST_119,2025-03-01 08:36:22,16,6,169
ORD_432,REST_39,CUST_294,2025-03-01 11:31:08,12,10,351
ORD_433,REST_33,CUST_494,2025-03-01 01:42:15,17,9,305
ORD_434,REST_21,CUST_359,2025-03-01 09:48:31,10,8,204
ORD_435,REST_32,CUST_483,2025-03-01 17:40:59,10,6,471
ORD_436,REST_26,CUST_58,2025-03-01 02:41:02,20,5,298
ORD_437,REST_12,CUST_386,2025-03-01 14:36:40,18,9,246
ORD_438,REST_32,CUST_444,2025-03-01 03:17:19,14,9,195
ORD_439,REST_46,CUST_63,2025-03-01 12:04:27,5,10,374
ORD_440,REST_48,CUST_312,2025-03-01 23:24:39,11,8,260
ORD_441,REST_19,CUST_53,2025-03-01 11:42:12,15,6,318
ORD_442,REST_10,CUST_318,2025-03-01 14:38:01,6,5,425
ORD_443,REST_32,CUST_488,2025-03-01 10:19:47,20,2,332
ORD_444,REST_5,CUST_480,2025-03-01 17:34:33,8,4,175
ORD_445,REST_4,CUST_360,2025-03-01 15:20:54,11,3,343
ORD_446,REST_34,CUST_161,2025-03-01 10:34:10,20,9,178
ORD_447,REST_30,CUST_328,2025-03-01 18:50:02,6,10,486
ORD_448,REST_9,CUST_288,2025-03-01 16:56:43,14,5,387
ORD_449,REST_5,CUST_83,2025-03-01 00:35:59,11,3,343
ORD_450,REST_38,CUST_262,2025-03-01 12:09:50,17,2,434
ORD_451,REST_11,CUST_126,2025-03-01 05:37:56,16,5,217
ORD_452,REST_21,CUST_67,2025-03-01 10:43:30,15,6,254
ORD_453,REST_49,CUST_481,2025-03-01 13:03:45,14,5,345
ORD_454,REST_18,CUST_126,2025-03-01 20:59:16,19,8,325
ORD_455,REST_33,CUST_483,2025-03-01 00:01:09,12,7,219
ORD_456,REST_43,CUST_63,2025-03-01 07:46:14,9,3,151
ORD_457,REST_17,CUST_23,2025-03-01 18:22:25,8,2,184
ORD_458,REST_14,CUST_413,2025-03-01 10:45:51,5,4,114
ORD_459,REST_18,CUST_203,2025-03-01 18:39:11,7,2,408
ORD_460,REST_39,CUST_112,2025-03-01 09:30:12,10,10,145
ORD_461,REST_8,CUST_472,2025-03-01 17:31:27,5,5,244
ORD_462,REST_47,CUST_485,2025-03-01 12:55:33,7,8,331
ORD_463,REST_41,CUST_201,2025-03-01 07:34:11,11,4,445
ORD_464,REST_11,CUST_443,2025-03-01 17:55:51,17,5,460
ORD_465,REST_45,CUST_411,2025-03-01 01:46:21,8,8,497
ORD_466,REST_34,CUST_264,2025-03-01 16:57:14,8,5,169
ORD_467,REST_19,CUST_336,2025-03-01 04:57:04,14,7,185
ORD_468,REST_24,CUST_452,2025-03-01 09:50:17,18,10,310
ORD_469,REST_35,CUST_54,2025-03-01 18:47:42,17,9,498
ORD_470,REST_5,CUST_350,2025-03-01 21:09:48,12,9,337
ORD_471,REST_10,CUST_343,2025-03-01 19:48:08,12,8,176
ORD_472,REST_25,CUST_259,2025-03-01 17:25:50,17,10,439
ORD_473,REST_26,CUST_449,2025-03-01 07:21:40,5,8,158
ORD_474,REST_4,CUST_240,2025-03-01 01:23:44,17,7,452
ORD_475,REST_34,CUST_493,2025-03-01 14:02:42,19,5,233
ORD_476,REST_34,CUST_178,2025-03-01 16:04:13,9,2,111
ORD_477,REST_1,CUST_156,2025-03-01 16:28:49,15,2,389
ORD_478,REST_35,CUST_288,2025-03-01 11:47:51,15,3,465
ORD_479,REST_7,CUST_38,2025-03-01 19:22:32,12,10,139
ORD_480,REST_31,CUST_408,2025-03-01 01:32:38,16,10,452
ORD_481,REST_4,CUST_483,2025-03-01 20:18:33,18,3,131
ORD_482,REST_43,CUST_89,2025-03-01 23:42:07,13,10,439
ORD_483,REST_45,CUST_369,2025-03-01 21:39:40,16,10,235
ORD_484,REST_16,CUST_455,2025-03-01 01:37:25,6,9,366
ORD_485,REST_28,CUST_483,2025-03-01 04:07:41,18,8,162
ORD_486,REST_24,CUST_468,2025-03-01 05:26:02,5,4,386
ORD_487,REST_37,CUST_327,2025-03-01 12:52:05,9,10,319
ORD_488,REST_48,CUST_442,2025-03-01 07:58:33,10,2,139
ORD_489,REST_36,CUST_337,2025-03-01 17:46:27,13,4,385
ORD_490,REST_34,CUST_339,2025-03-01 22:40:20,12,4,186
ORD_491,REST_9,CUST_271,2025-03-01 07:38:36,15,6,170
ORD_492,REST_6,CUST_43,2025-03-01 21:31:01,5,6,455
ORD_493,REST_32,CUST_58,2025-03-01 18:35:52,11,6,135
ORD_494,REST_48,CUST_301,2025-03-01 13:04:29,16,5,387
ORD_495,REST_29,CUST_479,2025-03-01 11:14:38,9,5,434
ORD_496,REST_17,CUST_94,2025-03-01 11:14:31,12,6,492
ORD_497,REST_18,CUST_29,2025-03-01 16:39:44,11,3,391
ORD_498,REST_40,CUST_85,2025-03-01 23:09:29,19,9,146
ORD_499,REST_26,CUST_6,2025-03-01 11:29:44,15,8,207
ORD_500,REST_41,CUST_37,2025-03-01 07:57:50,20,3,309
ORD_501,REST_42,CUST_366,2025-03-01 14:15:50,8,8,129
ORD_502,REST_31,CUST_248,2025-03-01 23:15:35,5,10,104
ORD_503,REST_13,CUST_81,2025-03-01 05:03:26,5,6,246
ORD_504,REST_18,CUST_483,2025-03-01 22:02:47,9,9,439
ORD_505,REST_4,CUST_225,2025-03-01 01:27:36,10,6,149
ORD_506,REST_26,CUST_81,2025-03-01 11:07:41,17,2,157
ORD_507,REST_13,CUST_220,2025-03-01 09:24:29,17,2,209
ORD_508,REST_8,CUST_166,2025-03-01 11:47:06,19,2,393
ORD_509,REST_11,CUST_163,2025-03-01 14:31:00,16,10,152
ORD_510,REST_8,CUST_52,2025-03-01 22:00:23,11,5,136
ORD_511,REST_6,CUST_98,2025-03-01 16:34:51,12,2,288
ORD_512,REST_22,CUST_65,2025-03-01 20:39:30,8,6,271
ORD_513,REST_29,CUST_51,2025-03-01 14:37:14,12,9,424
ORD_514,REST_6,CUST_314,2025-03-01 05:19:16,12,6,253
ORD_515,REST_26,CUST_35,2025-03-01 09:18:15,19,8,400
ORD_516,REST_23,CUST_337,2025-03-01 08:22:35,18,9,371
ORD_517,REST_43,CUST_124,2025-03-01 04:46:29,6,6,305
ORD_518,REST_9,CUST_227,2025-03-01 04:53:32,6,6,135
ORD_519,REST_22,CUST_193,2025-03-01 07:48:44,13,3,230
ORD_520,REST_41,CUST_405,2025-03-01 12:04:59,12,4,400
ORD_521,REST_42,CUST_22,2025-03-01 01:02:10,8,4,377
ORD_522,REST_42,CUST_2,2025-03-01 22:29:36,6,4,190
ORD_523,REST_34,CUST_80,2025-03-01 12:33:58,8,8,197
ORD_524,REST_14,CUST_277,2025-03-01 10:04:22,10,10,299
ORD_525,REST_36,CUST_498,2025-03-01 18:04:24,12,8,440
ORD_526,REST_15,CUST_405,2025-03-01 22:45:46,11,5,406
ORD_527,REST_5,CUST_235,2025-03-01 12:59:49,15,8,447
ORD_528,REST_43,CUST_346,2025-03-01 01:41:59,17,6,284
ORD_529,REST_1,CUST_29,2025-03-01 08:19:47,10,3,291
ORD_530,REST_38,CUST_493,2025-03-01 07:55:21,13,8,323
ORD_531,REST_18,CUST_42,2025-03-01 11:17:10,7,5,179
ORD_532,REST_26,CUST_80,2025-03-01 02:24:55,18,3,469
ORD_533,REST_31,CUST_148,2025-03-01 04:08:05,16,4,238
ORD_534,REST_24,CUST_451,2025-03-01 03:18:53,11,3,421
ORD_535,REST_25,CUST_236,2025-03-01 00:48:46,10,5,150
ORD_536,REST_15,CUST_145,2025-03-01 12:12:04,13,2,282
ORD_537,REST_6,CUST_367,2025-03-01 15:22:01,17,6,260
ORD_538,REST_34,CUST_185,2025-03-01 08:34:07,14,6,233
ORD_539,REST_27,CUST_133,2025-03-01 13:35:06,10,10,109
ORD_540,REST_15,CUST_117,2025-03-01 00:58:17,7,4,354
ORD_541,REST_38,CUST_309,2025-03-01 19:46:19,13,8,246
ORD_542,REST_45,CUST_354,2025-03-01 07:15:47,19,7,332
ORD_543,REST_22,CUST_317,2025-03-01 22:45:36,12,2,266
ORD_544,REST_6,CUST_177,2025-03-01 09:22:34,6,3,196
ORD_545,REST_49,CUST_379,2025-03-01 16:04:27,18,4,411
ORD_546,REST_32,CUST_57,2025-03-01 00:50:49,16,8,317
ORD_547,REST_8,CUST_31,2025-03-01 21:57:35,5,5,393
ORD_548,REST_39,CUST_12,2025-03-01 05:53:26,19,3,318
ORD_549,REST_23,CUST_397,2025-03-01 21:55:37,18,9,288
ORD_550,REST_23,CUST_411,2025-03-01 20:43:04,8,9,286
ORD_551,REST_4,CUST_129,2025-03-01 22:10:04,12,5,425
ORD_552,REST_13,CUST_36,2025-03-01 17:19:19,11,10,487
ORD_553,REST_23,CUST_237,2025-03-01 03:55:37,17,6,209
ORD_554,REST_38,CUST_263,2025-03-01 16:36:03,17,5,174
ORD_555,REST_20,CUST_456,2025-03-01 03:41:54,8,4,407
ORD_556,REST_2,CUST_472,2025-03-01 00:40:55,9,8,430
ORD_557,REST_6,CUST_466,2025-03-01 14:54:52,15,8,481
ORD_558,REST_5,CUST_408,2025-03-01 16:24:21,13,10,113
ORD_559,REST_16,CUST_291,2025-03-01 09:13:05,13,5,210
ORD_560,REST_34,CUST_28,2025-03-01 19:35:08,20,9,480
ORD_561,REST_11,CUST_423,2025-03-01 18:08:46,17,6,437
ORD_562,REST_13,CUST_416,2025-03-01 09:03:04,19,2,193
ORD_563,REST_34,CUST_388,2025-03-01 21:03:49,8,6,368
ORD_564,REST_47,CUST_339,2025-03-01 09:32:44,10,10,465
ORD_565,REST_20,CUST_435,2025-03-01 15:51:30,19,10,494
ORD_566,REST_25,CUST_220,2025-03-01 08:19:35,5,4,202
ORD_567,REST_22,CUST_427,2025-03-01 22:30:00,10,3,184
ORD_568,REST_19,CUST_401,2025-03-01 08:59:49,20,8,442
ORD_569,REST_6,CUST_274,2025-03-01 15:02:27,20,4,111
ORD_570,REST_39,CUST_289,2025-03-01 16:39:45,10,9,292
ORD_571,REST_36,CUST_61,2025-03-01 03:13:16,11,7,257
ORD_572,REST_28,CUST_222,2025-03-01 09:49:13,6,2,500
ORD_573,REST_16,CUST_326,2025-03-01 02:50:48,13,4,302
ORD_574,REST_14,CUST_85,2025-03-01 04:37:31,17,3,159
ORD_575,REST_40,CUST_479,2025-03-01 00:36:53,20,9,122
ORD_576,REST_36,CUST_367,2025-03-01 15:25:52,11,10,423
ORD_577,REST_34,CUST_377,2025-03-01 14:05:54,17,4,305
ORD_578,REST_15,CUST_244,2025-03-01 11:03:43,10,7,479
ORD_579,REST_18,CUST_100,2025-03-01 18:56:05,7,3,249
ORD_580,REST_32,CUST_86,2025-03-01 10:48:55,19,7,435
ORD_581,REST_49,CUST_370,2025-03-01 18:58:28,13,2,212
ORD_582,REST_29,CUST_108,2025-03-01 08:41:53,15,7,457
ORD_583,REST_28,CUST_126,2025-03-01 01:13:28,15,4,277
ORD_584,REST_43,CUST_202,2025-03-01 23:05:43,10,7,415
ORD_585,REST_20,CUST_25,2025-03-01 21:17:44,6,6,493
ORD_586,REST_7,CUST_119,2025-03-01 03:39:48,20,6,298
ORD_587,REST_21,CUST_372,2025-03-01 16:16:40,11,3,147
ORD_588,REST_15,CUST_46,2025-03-01 11:58:55,11,7,123
ORD_589,REST_46,CUST_328,2025-03-01 03:55:10,10,7,401
ORD_590,REST_33,CUST_412,2025-03-01 23:32:45,15,10,200
ORD_591,REST_8,CUST_23,2025-03-01 23:07:22,12,10,179
ORD_592,REST_42,CUST_446,2025-03-01 05:07:59,8,4,329
ORD_593,REST_15,CUST_85,2025-03-01 10:36:08,18,4,344
ORD_594,REST_34,CUST_17,2025-03-01 15:42:34,14,2,156
ORD_595,REST_43,CUST_415,2025-03-01 21:29:48,20,7,486
ORD_596,REST_39,CUST_333,2025-03-01 04:46:56,19,3,333
ORD_597,REST_7,CUST_409,2025-03-01 02:59:38,14,9,255
ORD_598,REST_14,CUST_380,2025-03-01 10:58:22,20,3,200
ORD_599,REST_26,CUST_217,2025-03-01 07:53:42,6,6,106
ORD_600,REST_46,CUST_28,2025-03-01 11:02:47,11,8,190
ORD_601,REST_2,CUST_108,2025-03-01 21:27:53,14,6,382
ORD_602,REST_30,CUST_297,2025-03-01 04:45:16,10,6,340
ORD_603,REST_19,CUST_294,2025-03-01 11:28:36,5,6,414
ORD_604,REST_15,CUST_472,2025-03-01 16:02:49,9,3,325
ORD_605,REST_39,CUST_245,2025-03-01 04:21:08,6,6,351
ORD_606,REST_23,CUST_319,2025-03-01 19:03:10,13,7,190
ORD_607,REST_20,CUST_345,2025-03-01 18:34:50,6,10,282
ORD_608,REST_26,CUST_321,2025-03-01 00:09:58,16,2,266
ORD_609,REST_48,CUST_21,2025-03-01 04:35:11,18,2,230
ORD_610,REST_45,CUST_55,2025-03-01 18:58:50,5,5,252
ORD_611,REST_17,CUST_471,2025-03-01 15:57:36,5,6,198
ORD_612,REST_27,CUST_177,2025-03-01 23:06:15,8,3,190
ORD_613,REST_13,CUST_197,2025-03-01 19:36:39,15,3,483
ORD_614,REST_14,CUST_35,2025-03-01 16:21:31,9,9,156
ORD_615,REST_2,CUST_32,2025-03-01 14:31:46,5,5,293
ORD_616,REST_47,CUST_319,2025-03-01 15:58:41,16,2,489
ORD_617,REST_31,CUST_235,2025-03-01 05:12:55,19,2,187
ORD_618,REST_12,CUST_5,2025-03-01 18:40:44,13,5,123
ORD_619,REST_48,CUST_104,2025-03-01 02:55:02,12,6,201
ORD_620,REST_2,CUST_125,2025-03-01 20:19:01,15,2,293
ORD_621,REST_20,CUST_393,2025-03-01 11:49:34,14,8,401
ORD_622,REST_27,CUST_457,2025-03-01 00:44:29,15,8,148
ORD_623,REST_40,CUST_245,2025-03-01 17:39:43,5,2,496
ORD_624,REST_38,CUST_447,2025-03-01 02:29:07,10,6,136
ORD_625,REST_23,CUST_226,2025-03-01 10:41:32,7,6,344
ORD_626,REST_15,CUST_333,2025-03-01 10:29:53,15,7,153
ORD_627,REST_2,CUST_280,2025-03-01 16:27:04,19,8,256
ORD_628,REST_50,CUST_226,2025-03-01 00:38:33,6,7,145
ORD_629,REST_50,CUST_130,2025-03-01 17:59:43,10,3,274
ORD_630,REST_7,CUST_249,2025-03-01 22:32:37,9,5,117
ORD_631,REST_39,CUST_19,2025-03-01 07:09:52,15,5,271
ORD_632,REST_8,CUST_267,2025-03-01 00:36:54,16,3,431
ORD_633,REST_11,CUST_482,2025-03-01 21:32:41,11,5,370
ORD_634,REST_14,CUST_226,2025-03-01 07:16:23,15,8,318
ORD_635,REST_13,CUST_10,2025-03-01 21:13:00,17,10,301
ORD_636,REST_4,CUST_313,2025-03-01 09:26:36,11,10,248
ORD_637,REST_28,CUST_45,2025-03-01 16:07:25,15,9,367
ORD_638,REST_29,CUST_197,2025-03-01 07:00:43,7,3,414
ORD_639,REST_35,CUST_478,2025-03-01 12:53:21,11,4,272
ORD_640,REST_19,CUST_486,2025-03-01 04:37:23,17,2,296
ORD_641,REST_10,CUST_312,2025-03-01 05:48:50,19,5,393
ORD_642,REST_35,CUST_203,2025-03-01 10:49:09,16,9,489
ORD_643,REST_40,CUST_316,2025-03-01 13:26:13,13,7,180
ORD_644,REST_40,CUST_492,2025-03-01 03:31:53,15,8,129
ORD_645,REST_25,CUST_432,2025-03-01 09:30:06,6,9,490
ORD_646,REST_40,CUST_243,2025-03-01 14:20:59,13,8,426
ORD_647,REST_7,CUST_98,2025-03-01 12:40:28,5,9,462
ORD_648,REST_17,CUST_19,2025-03-01 08:43:37,11,2,171
ORD_649,REST_1,CUST_23,2025-03-01 11:55:34,5,2,476
ORD_650,REST_25,CUST_138,2025-03-01 20:38:29,12,10,428
ORD_651,REST_33,CUST_467,2025-03-01 12:52:21,16,3,294
ORD_652,REST_18,CUST_18,2025-03-01 06:37:06,6,5,191
ORD_653,REST_15,CUST_283,2025-03-01 09:06:12,13,2,353
ORD_654,REST_2,CUST_409,2025-03-01 07:54:31,18,9,116
ORD_655,REST_27,CUST_411,2025-03-01 07:38:01,7,5,114
ORD_656,REST_44,CUST_274,2025-03-01 08:34:17,5,4,340
ORD_657,REST_40,CUST_333,2025-03-01 00:06:31,12,4,248
ORD_658,REST_40,CUST_380,2025-03-01 22:18:12,5,6,309
ORD_659,REST_48,CUST_390,2025-03-01 18:46:31,9,4,136
ORD_660,REST_39,CUST_63,2025-03-01 17:45:55,16,9,486
ORD_661,REST_2,CUST_334,2025-03-01 20:27:17,12,5,135
ORD_662,REST_5,CUST_17,2025-03-01 15:10:33,20,5,251
ORD_663,REST_31,CUST_319,2025-03-01 03:54:33,5,8,293
ORD_664,REST_46,CUST_217,2025-03-01 10:56:44,13,4,499
ORD_665,REST_24,CUST_374,2025-03-01 05:51:56,9,2,486
ORD_666,REST_49,CUST_13,2025-03-01 14:26:49,7,3,341
ORD_667,REST_29,CUST_446,2025-03-01 16:11:18,17,9,364
ORD_668,REST_13,CUST_59,2025-03-01 21:07:32,18,6,389
ORD_669,REST_26,CUST_150,2025-03-01 22:51:42,17,4,355
ORD_670,REST_15,CUST_219,2025-03-01 19:20:33,12,7,291
ORD_671,REST_29,CUST_328,2025-03-01 22:17:38,6,5,206
ORD_672,REST_31,CUST_369,2025-03-01 20:50:32,9,10,465
ORD_673,REST_42,CUST_464,2025-03-01 01:15:58,5,9,242
ORD_674,REST_22,CUST_406,2025-03-01 03:23:01,15,3,274
ORD_675,REST_15,CUST_298,2025-03-01 20:10:14,12,8,232
ORD_676,REST_45,CUST_205,2025-03-01 11:35:24,11,2,198
ORD_677,REST_32,CUST_249,2025-03-01 23:15:32,18,4,470
ORD_678,REST_7,CUST_495,2025-03-01 05:35:39,19,8,469
ORD_679,REST_28,CUST_60,2025-03-01 07:05:03,14,5,476
ORD_680,REST_48,CUST_59,2025-03-01 08:49:35,7,7,390
ORD_681,REST_28,CUST_490,2025-03-01 13:52:17,9,4,416
ORD_682,REST_10,CUST_69,2025-03-01 13:49:47,16,9,323
ORD_683,REST_32,CUST_55,2025-03-01 09:25:05,12,6,289
ORD_684,REST_31,CUST_330,2025-03-01 18:24:23,6,6,279
ORD_685,REST_4,CUST_269,2025-03-01 17:21:55,9,3,103
ORD_686,REST_5,CUST_470,2025-03-01 00:58:05,6,10,285
ORD_687,REST_30,CUST_102,2025-03-01 11:34:57,8,7,203
ORD_688,REST_21,CUST_370,2025-03-01 13:08:13,17,3,285
ORD_689,REST_15,CUST_337,2025-03-01 16:32:32,15,2,429
ORD_690,REST_47,CUST_59,2025-03-01 00:51:52,6,2,311
ORD_691,REST_38,CUST_85,2025-03-01 08:42:17,11,3,362
ORD_692,REST_37,CUST_104,2025-03-01 02:04:59,6,6,301
ORD_693,REST_30,CUST_214,2025-03-01 02:12:55,12,2,343
ORD_694,REST_49,CUST_485,2025-03-01 18:55:07,13,5,240
ORD_695,REST_24,CUST_155,2025-03-01 16:06:49,13,7,281
ORD_696,REST_22,CUST_314,2025-03-01 11:44:41,9,10,428
ORD_697,REST_29,CUST_75,2025-03-01 11:20:32,20,10,147
ORD_698,REST_42,CUST_255,2025-03-01 20:00:44,7,10,164
ORD_699,REST_47,CUST_90,2025-03-01 22:44:11,13,6,176
ORD_700,REST_7,CUST_486,2025-03-01 05:55:06,11,8,152
ORD_701,REST_41,CUST_366,2025-03-01 21:58:26,17,5,101
ORD_702,REST_23,CUST_384,2025-03-01 06:31:31,6,2,290
ORD_703,REST_8,CUST_421,2025-03-01 21:32:03,19,7,377
ORD_704,REST_36,CUST_11,2025-03-01 22:07:12,8,6,196
ORD_705,REST_17,CUST_301,2025-03-01 11:27:10,6,9,326
ORD_706,REST_43,CUST_461,2025-03-01 06:57:42,14,3,407
ORD_707,REST_7,CUST_288,2025-03-01 01:30:42,17,6,396
ORD_708,REST_44,CUST_224,2025-03-01 15:31:56,9,3,475
ORD_709,REST_29,CUST_412,2025-03-01 05:34:49,19,7,405
ORD_710,REST_19,CUST_310,2025-03-01 15:56:43,5,4,255
ORD_711,REST_41,CUST_152,2025-03-01 09:20:35,10,10,447
ORD_712,REST_23,CUST_196,2025-03-01 20:06:45,11,2,446
ORD_713,REST_12,CUST_433,2025-03-01 13:42:57,19,9,227
ORD_714,REST_31,CUST_490,2025-03-01 17:06:54,17,5,185
ORD_715,REST_17,CUST_104,2025-03-01 14:45:07,19,8,251
ORD_716,REST_21,CUST_262,2025-03-01 19:42:06,18,6,417
ORD_717,REST_26,CUST_148,2025-03-01 15:17:09,6,3,331
ORD_718,REST_32,CUST_66,2025-03-01 19:27:12,19,3,147
ORD_719,REST_12,CUST_415,2025-03-01 21:16:34,12,10,106
ORD_720,REST_24,CUST_476,2025-03-01 18:51:57,19,10,153
ORD_721,REST_18,CUST_130,2025-03-01 23:41:10,15,4,499
ORD_722,REST_35,CUST_321,2025-03-01 08:36:34,20,8,418
ORD_723,REST_19,CUST_11,2025-03-01 03:16:02,15,3,217
ORD_724,REST_43,CUST_6,2025-03-01 04:40:29,11,2,281
ORD_725,REST_41,CUST_247,2025-03-01 01:07:16,9,6,316
ORD_726,REST_19,CUST_80,2025-03-01 01:33:26,19,2,287
ORD_727,REST_38,CUST_279,2025-03-01 22:33:52,6,5,436
ORD_728,REST_15,CUST_390,2025-03-01 17:00:36,17,6,158
ORD_729,REST_15,CUST_305,2025-03-01 17:27:21,16,10,160
ORD_730,REST_1,CUST_201,2025-03-01 01:01:25,16,9,367
ORD_731,REST_14,CUST_61,2025-03-01 03:37:27,10,6,123
ORD_732,REST_3,CUST_282,2025-03-01 16:37:13,16,3,249
ORD_733,REST_34,CUST_282,2025-03-01 00:19:49,14,4,289
ORD_734,REST_6,CUST_209,2025-03-01 00:29:08,15,3,199
ORD_735,REST_47,CUST_176,2025-03-01 22:23:11,20,4,327
ORD_736,REST_7,CUST_83,2025-03-01 16:59:58,8,7,393
ORD_737,REST_32,CUST_114,2025-03-01 02:31:25,9,10,445
ORD_738,REST_37,CUST_83,2025-03-01 16:35:03,9,5,261
ORD_739,REST_48,CUST_74,2025-03-01 00:46:01,9,8,469
ORD_740,REST_46,CUST_265,2025-03-01 17:47:43,19,4,203
ORD_741,REST_16,CUST_7,2025-03-01 15:20:40,12,5,447
ORD_742,REST_31,CUST_143,2025-03-01 19:07:26,6,10,390
ORD_743,REST_18,CUST_447,2025-03-01 17:41:37,15,7,248
ORD_744,REST_30,CUST_313,2025-03-01 17:16:39,5,7,331
ORD_745,REST_50,CUST_358,2025-03-01 22:05:31,14,5,265
ORD_746,REST_38,CUST_167,2025-03-01 11:05:12,6,3,213
ORD_747,REST_24,CUST_164,2025-03-01 03:18:25,16,10,213
ORD_748,REST_47,CUST_278,2025-03-01 14:14:32,9,7,194
ORD_749,REST_1,CUST_421,2025-03-01 00:25:02,18,9,159
ORD_750,REST_28,CUST_489,2025-03-01 20:31:02,6,9,249
ORD_751,REST_46,CUST_355,2025-03-01 02:23:21,11,2,374
ORD_752,REST_21,CUST_462,2025-03-01 23:18:05,19,9,225
ORD_753,REST_33,CUST_482,2025-03-01 00:13:33,18,5,384
ORD_754,REST_43,CUST_345,2025-03-01 14:06:33,11,3,386
ORD_755,REST_37,CUST_99,2025-03-01 01:13:33,14,2,202
ORD_756,REST_41,CUST_252,2025-03-01 03:10:30,15,8,453
ORD_757,REST_27,CUST_320,2025-03-01 23:03:25,14,9,386
ORD_758,REST_1,CUST_234,2025-03-01 00:52:32,9,8,421
ORD_759,REST_13,CUST_418,2025-03-01 12:32:41,9,9,233
ORD_760,REST_49,CUST_347,2025-03-01 02:53:17,10,10,366
ORD_761,REST_28,CUST_182,2025-03-01 22:48:55,13,5,391
ORD_762,REST_47,CUST_119,2025-03-01 16:49:27,7,2,419
ORD_763,REST_29,CUST_274,2025-03-01 18:37:26,12,5,304
ORD_764,REST_16,CUST_179,2025-03-01 01:48:10,16,4,291
ORD_765,REST_7,CUST_152,2025-03-01 13:35:56,11,10,103
ORD_766,REST_1,CUST_136,2025-03-01 09:14:23,6,2,183
ORD_767,REST_38,CUST_126,2025-03-01 18:33:12,5,8,278
ORD_768,REST_8,CUST_31,2025-03-01 20:26:27,18,4,113
ORD_769,REST_27,CUST_1,2025-03-01 00:02:40,15,7,223
ORD_770,REST_31,CUST_138,2025-03-01 23:10:09,11,5,116
ORD_771,REST_7,CUST_495,2025-03-01 04:31:11,12,10,415
ORD_772,REST_45,CUST_239,2025-03-01 11:11:20,17,4,252
ORD_773,REST_40,CUST_66,2025-03-01 20:14:23,15,3,178
ORD_774,REST_9,CUST_229,2025-03-01 05:24:50,10,3,333
ORD_775,REST_24,CUST_253,2025-03-01 15:23:04,7,10,113
ORD_776,REST_4,CUST_409,2025-03-01 19:38:06,18,3,345
ORD_777,REST_11,CUST_61,2025-03-01 02:52:38,9,5,171
ORD_778,REST_42,CUST_73,2025-03-01 02:20:37,14,3,291
ORD_779,REST_8,CUST_450,2025-03-01 11:11:38,16,9,122
ORD_780,REST_2,CUST_340,2025-03-01 02:27:09,9,8,496
ORD_781,REST_44,CUST_71,2025-03-01 10:53:36,19,3,116
ORD_782,REST_26,CUST_472,2025-03-01 17:49:44,6,4,265
ORD_783,REST_30,CUST_337,2025-03-01 12:39:51,6,4,473
ORD_784,REST_35,CUST_190,2025-03-01 00:54:56,15,2,431
ORD_785,REST_13,CUST_306,2025-03-01 17:44:26,8,8,387
ORD_786,REST_14,CUST_109,2025-03-01 17:27:00,18,2,401
ORD_787,REST_32,CUST_131,2025-03-01 02:19:19,11,4,124
ORD_788,REST_18,CUST_485,2025-03-01 04:16:57,8,4,436
ORD_789,REST_13,CUST_107,2025-03-01 01:45:09,14,2,395
ORD_790,REST_3,CUST_424,2025-03-01 22:37:04,11,7,124
ORD_791,REST_47,CUST_474,2025-03-01 04:00:59,16,7,350
ORD_792,REST_6,CUST_428,2025-03-01 00:16:36,13,7,171
ORD_793,REST_17,CUST_141,2025-03-01 13:34:25,13,2,195
ORD_794,REST_32,CUST_100,2025-03-01 20:28:45,16,7,264
ORD_795,REST_15,CUST_449,2025-03-01 03:37:38,13,10,116
ORD_796,REST_36,CUST_370,2025-03-01 06:19:10,11,2,373
ORD_797,REST_28,CUST_452,2025-03-01 11:14:16,6,7,343
ORD_798,REST_5,CUST_157,2025-03-01 18:13:57,13,5,228
ORD_799,REST_27,CUST_493,2025-03-01 07:03:39,18,4,231
ORD_800,REST_32,CUST_78,2025-03-01 13:04:13,16,7,439
ORD_801,REST_4,CUST_283,2025-03-01 02:14:06,18,10,497
ORD_802,REST_13,CUST_467,2025-03-01 10:13:16,5,2,274
ORD_803,REST_14,CUST_428,2025-03-01 00:05:07,20,8,192
ORD_804,REST_30,CUST_417,2025-03-01 02:43:30,17,9,464
ORD_805,REST_24,CUST_483,2025-03-01 12:20:09,19,6,262
ORD_806,REST_24,CUST_402,2025-03-01 13:48:55,19,3,394
ORD_807,REST_10,CUST_41,2025-03-01 03:37:19,12,3,271
ORD_808,REST_25,CUST_284,2025-03-01 22:22:38,12,3,235
ORD_809,REST_20,CUST_384,2025-03-01 19:14:58,5,6,336
ORD_810,REST_12,CUST_487,2025-03-01 01:27:50,16,4,214
ORD_811,REST_1,CUST_384,2025-03-01 01:20:59,14,7,188
ORD_812,REST_42,CUST_382,2025-03-01 06:20:39,11,8,138
ORD_813,REST_23,CUST_453,2025-03-01 04:23:38,14,5,187
ORD_814,REST_32,CUST_398,2025-03-01 09:01:37,6,3,334
ORD_815,REST_37,CUST_111,2025-03-01 20:38:33,11,3,167
ORD_816,REST_24,CUST_189,2025-03-01 13:22:04,14,10,171
ORD_817,REST_22,CUST_131,2025-03-01 00:08:46,6,10,253
ORD_818,REST_22,CUST_324,2025-03-01 07:45:13,9,7,312
ORD_819,REST_40,CUST_78,2025-03-01 19:40:08,14,6,366
ORD_820,REST_20,CUST_114,2025-03-01 23:34:42,11,7,443
ORD_821,REST_31,CUST_148,2025-03-01 19:05:56,9,7,314
ORD_822,REST_45,CUST_351,2025-03-01 11:04:40,5,5,303
ORD_823,REST_16,CUST_356,2025-03-01 02:27:57,13,7,308
ORD_824,REST_48,CUST_68,2025-03-01 23:31:19,20,2,256
ORD_825,REST_7,CUST_89,2025-03-01 00:19:56,18,9,118
ORD_826,REST_20,CUST_466,2025-03-01 14:00:57,17,2,279
ORD_827,REST_48,CUST_31,2025-03-01 10:40:20,14,8,111
ORD_828,REST_18,CUST_437,2025-03-01 13:39:05,11,3,220
ORD_829,REST_41,CUST_265,2025-03-01 18:29:13,6,7,104
ORD_830,REST_41,CUST_499,2025-03-01 23:12:44,17,8,488
ORD_831,REST_19,CUST_454,2025-03-01 15:31:04,14,3,218
ORD_832,REST_44,CUST_328,2025-03-01 11:08:12,19,3,467
ORD_833,REST_18,CUST_301,2025-03-01 02:58:04,19,3,217
ORD_834,REST_28,CUST_481,2025-03-01 20:44:01,11,5,244
ORD_835,REST_45,CUST_249,2025-03-01 17:29:53,12,6,298
ORD_836,REST_22,CUST_159,2025-03-01 18:12:13,11,5,349
ORD_837,REST_34,CUST_296,2025-03-01 23:17:17,9,2,194
ORD_838,REST_8,CUST_20,2025-03-01 20:42:17,18,3,468
ORD_839,REST_32,CUST_358,2025-03-01 20:33:17,12,6,295
ORD_840,REST_24,CUST_136,2025-03-01 17:18:29,20,3,357
ORD_841,REST_46,CUST_493,2025-03-01 21:57:38,16,8,466
ORD_842,REST_9,CUST_477,2025-03-01 03:36:17,16,2,389
ORD_843,REST_28,CUST_406,2025-03-01 06:49:23,9,7,160
ORD_844,REST_47,CUST_447,2025-03-01 11:16:05,18,8,358
ORD_845,REST_6,CUST_352,2025-03-01 18:48:49,17,8,227
ORD_846,REST_37,CUST_343,2025-03-01 07:35:57,20,6,272
ORD_847,REST_7,CUST_382,2025-03-01 14:39:55,14,7,341
ORD_848,REST_49,CUST_171,2025-03-01 23:23:00,18,7,152
ORD_849,REST_19,CUST_499,2025-03-01 09:42:08,13,9,129
ORD_850,REST_19,CUST_12,2025-03-01 05:57:56,8,10,401
ORD_851,REST_1,CUST_354,2025-03-01 12:30:37,12,6,443
ORD_852,REST_2,CUST_48,2025-03-01 03:54:35,16,7,298
ORD_853,REST_7,CUST_19,2025-03-01 13:08:16,12,10,168
ORD_854,REST_17,CUST_421,2025-03-01 05:43:25,13,7,274
ORD_855,REST_15,CUST_251,2025-03-01 05:43:55,12,6,144
ORD_856,REST_39,CUST_456,2025-03-01 01:43:04,10,8,378
ORD_857,REST_4,CUST_292,2025-03-01 12:40:35,20,5,290
ORD_858,REST_27,CUST_19,2025-03-01 16:12:08,5,9,116
ORD_859,REST_2,CUST_359,2025-03-01 17:46:12,10,7,327
ORD_860,REST_4,CUST_70,2025-03-01 02:43:35,16,9,449
ORD_861,REST_23,CUST_55,2025-03-01 15:11:07,13,8,411
ORD_862,REST_39,CUST_48,2025-03-01 03:35:41,9,7,455
ORD_863,REST_10,CUST_247,2025-03-01 13:07:58,19,7,336
ORD_864,REST_41,CUST_374,2025-03-01 01:40:13,15,6,132
ORD_865,REST_8,CUST_333,2025-03-01 11:13:22,5,7,146
ORD_866,REST_29,CUST_302,2025-03-01 12:10:47,16,9,453
ORD_867,REST_37,CUST_140,2025-03-01 06:39:42,20,9,293
ORD_868,REST_24,CUST_279,2025-03-01 21:18:44,15,5,291
ORD_869,REST_27,CUST_388,2025-03-01 05:34:37,6,6,259
ORD_870,REST_23,CUST_488,2025-03-01 21:04:05,10,5,497
ORD_871,REST_42,CUST_281,2025-03-01 18:12:28,20,7,142
ORD_872,REST_9,CUST_149,2025-03-01 08:04:11,15,10,184
ORD_873,REST_1,CUST_230,2025-03-01 17:55:56,11,2,344
ORD_874,REST_20,CUST_376,2025-03-01 18:06:33,20,10,175
ORD_875,REST_46,CUST_356,2025-03-01 18:36:11,8,9,264
ORD_876,REST_9,CUST_359,2025-03-01 08:13:21,11,5,182
ORD_877,REST_26,CUST_183,2025-03-01 16:25:24,7,9,181
ORD_878,REST_5,CUST_486,2025-03-01 06:40:12,9,6,117
ORD_879,REST_47,CUST_433,2025-03-01 07:11:00,11,10,303
ORD_880,REST_19,CUST_372,2025-03-01 20:09:54,5,6,260
ORD_881,REST_28,CUST_353,2025-03-01 13:14:25,8,10,482
ORD_882,REST_44,CUST_493,2025-03-01 10:10:41,17,10,500
ORD_883,REST_23,CUST_27,2025-03-01 21:22:04,7,2,318
ORD_884,REST_13,CUST_303,2025-03-01 20:06:10,5,9,137
ORD_885,REST_22,CUST_38,2025-03-01 03:13:17,7,3,383
ORD_886,REST_33,CUST_173,2025-03-01 20:41:06,6,3,392
ORD_887,REST_41,CUST_466,2025-03-01 23:32:59,15,10,239
ORD_888,REST_35,CUST_121,2025-03-01 22:07:24,19,3,436
ORD_889,REST_11,CUST_297,2025-03-01 13:43:31,8,6,106
ORD_890,REST_1,CUST_256,2025-03-01 15:32:43,10,5,477
ORD_891,REST_13,CUST_326,2025-03-01 19:46:46,5,5,337
ORD_892,REST_36,CUST_481,2025-03-01 08:41:38,10,7,382
ORD_893,REST_18,CUST_459,2025-03-01 15:58:12,5,9,200
ORD_894,REST_23,CUST_138,2025-03-01 12:56:04,19,4,387
ORD_895,REST_39,CUST_38,2025-03-01 08:11:56,9,2,386
ORD_896,REST_40,CUST_493,2025-03-01 17:34:49,17,9,325
ORD_897,REST_6,CUST_87,2025-03-01 23:58:13,20,9,129
ORD_898,REST_21,CUST_379,2025-03-01 19:51:16,6,3,261
ORD_899,REST_34,CUST_100,2025-03-01 10:19:25,6,7,382
ORD_900,REST_18,CUST_236,2025-03-01 16:32:43,16,10,245
ORD_901,REST_5,CUST_349,2025-03-01 23:42:47,13,5,459
ORD_902,REST_19,CUST_490,2025-03-01 03:06:57,16,5,451
ORD_903,REST_22,CUST_355,2025-03-01 02:24:58,19,8,104
ORD_904,REST_43,CUST_491,2025-03-01 22:16:15,15,5,177
ORD_905,REST_40,CUST_49,2025-03-01 20:23:51,12,3,253
ORD_906,REST_9,CUST_24,2025-03-01 17:45:39,19,6,432
ORD_907,REST_45,CUST_119,2025-03-01 03:43:52,18,7,335
ORD_908,REST_34,CUST_401,2025-03-01 10:07:08,13,5,481
ORD_909,REST_15,CUST_240,2025-03-01 05:22:16,16,6,371
ORD_910,REST_44,CUST_25,2025-03-01 06:21:18,18,2,277
ORD_911,REST_36,CUST_270,2025-03-01 09:30:49,11,3,374
ORD_912,REST_10,CUST_58,2025-03-01 20:01:46,18,8,441
ORD_913,REST_11,CUST_464,2025-03-01 15:48:36,16,5,359
ORD_914,REST_26,CUST_163,2025-03-01 10:13:07,15,7,141
ORD_915,REST_42,CUST_112,2025-03-01 05:06:19,14,3,414
ORD_916,REST_36,CUST_439,2025-03-01 21:18:47,10,7,392
ORD_917,REST_43,CUST_375,2025-03-01 19:29:21,11,3,213
ORD_918,REST_25,CUST_270,2025-03-01 09:47:00,12,5,251
ORD_919,REST_37,CUST_197,2025-03-01 10:04:26,20,6,391
ORD_920,REST_21,CUST_404,2025-03-01 10:05:12,16,6,173
ORD_921,REST_31,CUST_98,2025-03-01 10:54:35,9,2,319
ORD_922,REST_49,CUST_320,2025-03-01 08:08:53,14,7,252
ORD_923,REST_44,CUST_194,2025-03-01 08:32:09,13,2,210
ORD_924,REST_25,CUST_299,2025-03-01 23:04:08,17,3,398
ORD_925,REST_31,CUST_433,2025-03-01 04:45:43,20,5,460
ORD_926,REST_15,CUST_429,2025-03-01 17:48:22,20,7,385
ORD_927,REST_13,CUST_74,2025-03-01 03:01:06,6,5,326
ORD_928,REST_48,CUST_471,2025-03-01 01:27:15,8,2,398
ORD_929,REST_15,CUST_69,2025-03-01 20:03:35,19,2,392
ORD_930,REST_22,CUST_11,2025-03-01 22:11:55,10,5,197
ORD_931,REST_41,CUST_449,2025-03-01 00:00:00,12,4,217
ORD_932,REST_16,CUST_167,2025-03-01 06:35:46,15,9,407
ORD_933,REST_5,CUST_121,2025-03-01 10:15:53,10,7,198
ORD_934,REST_41,CUST_359,2025-03-01 23:27:54,18,3,388
ORD_935,REST_11,CUST_477,2025-03-01 21:58:00,14,9,306
ORD_936,REST_42,CUST_447,2025-03-01 23:38:17,14,6,129
ORD_937,REST_36,CUST_437,2025-03-01 22:38:49,13,3,446
ORD_938,REST_16,CUST_219,2025-03-01 05:17:32,10,9,292
ORD_939,REST_32,CUST_169,2025-03-01 12:14:58,10,10,290
ORD_940,REST_24,CUST_186,2025-03-01 14:19:42,17,4,478
ORD_941,REST_2,CUST_285,2025-03-01 07:52:42,16,9,241
ORD_942,REST_4,CUST_484,2025-03-01 16:50:55,14,2,264
ORD_943,REST_36,CUST_74,2025-03-01 14:42:14,16,5,429
ORD_944,REST_35,CUST_137,2025-03-01 05:03:15,10,5,213
ORD_945,REST_13,CUST_240,2025-03-01 06:22:44,19,7,277
ORD_946,REST_23,CUST_2,2025-03-01 05:34:02,8,8,432
ORD_947,REST_28,CUST_231,2025-03-01 21:09:33,14,4,408
ORD_948,REST_14,CUST_99,2025-03-01 01:24:28,9,3,363
ORD_949,REST_41,CUST_349,2025-03-01 00:38:59,13,3,105
ORD_950,REST_5,CUST_172,2025-03-01 23:55:44,17,9,138
ORD_951,REST_15,CUST_136,2025-03-01 06:32:06,16,8,321
ORD_952,REST_49,CUST_365,2025-03-01 06:30:41,16,7,484
ORD_953,REST_41,CUST_342,2025-03-01 07:58:47,6,10,450
ORD_954,REST_5,CUST_147,2025-03-01 11:02:15,16,7,476
ORD_955,REST_13,CUST_75,2025-03-01 00:03:44,5,10,418
ORD_956,REST_46,CUST_362,2025-03-01 23:21:46,18,5,160
ORD_957,REST_20,CUST_264,2025-03-01 05:01:48,20,5,176
ORD_958,REST_45,CUST_107,2025-03-01 20:52:14,15,8,283
ORD_959,REST_20,CUST_248,2025-03-01 20:36:03,15,8,259
ORD_960,REST_13,CUST_163,2025-03-01 00:33:15,13,7,303
ORD_961,REST_31,CUST_286,2025-03-01 00:32:04,9,6,208
ORD_962,REST_27,CUST_283,2025-03-01 03:24:23,20,4,298
ORD_963,REST_20,CUST_189,2025-03-01 05:53:35,19,2,489
ORD_964,REST_14,CUST_24,2025-03-01 22:33:27,15,10,181
ORD_965,REST_45,CUST_170,2025-03-01 21:00:58,11,3,108
ORD_966,REST_9,CUST_246,2025-03-01 20:38:47,15,8,377
ORD_967,REST_6,CUST_229,2025-03-01 00:25:57,7,10,193
ORD_968,REST_9,CUST_199,2025-03-01 23:16:56,15,9,466
ORD_969,REST_26,CUST_142,2025-03-01 14:26:45,19,3,249
ORD_970,REST_8,CUST_54,2025-03-01 23:32:16,19,6,154
ORD_971,REST_34,CUST_189,2025-03-01 15:52:47,17,2,323
ORD_972,REST_9,CUST_41,2025-03-01 10:30:02,18,5,311
ORD_973,REST_21,CUST_393,2025-03-01 12:03:09,6,8,205
ORD_974,REST_44,CUST_281,2025-03-01 04:11:01,5,8,306
ORD_975,REST_47,CUST_118,2025-03-01 21:23:22,17,8,390
ORD_976,REST_33,CUST_323,2025-03-01 07:43:50,9,7,436
ORD_977,REST_34,CUST_211,2025-03-01 03:14:03,18,2,122
ORD_978,REST_13,CUST_90,2025-03-01 20:56:05,12,10,488
ORD_979,REST_18,CUST_259,2025-03-01 12:20:55,12,5,391
ORD_980,REST_49,CUST_30,2025-03-01 08:52:25,6,7,228
ORD_981,REST_46,CUST_226,2025-03-01 01:37:00,12,3,216
ORD_982,REST_5,CUST_377,2025-03-01 08:33:49,11,6,438
ORD_983,REST_17,CUST_420,2025-03-01 20:42:51,16,6,453
ORD_984,REST_50,CUST_345,2025-03-01 02:55:46,16,8,305
ORD_985,REST_34,CUST_267,2025-03-01 14:15:45,16,9,296
ORD_986,REST_1,CUST_229,2025-03-01 21:31:33,5,8,256
ORD_987,REST_5,CUST_303,2025-03-01 08:47:21,17,7,182
ORD_988,REST_45,CUST_1,2025-03-01 00:55:33,6,10,248
ORD_989,REST_35,CUST_52,2025-03-01 22:56:45,16,3,257
ORD_990,REST_30,CUST_26,2025-03-01 08:29:23,20,2,138
ORD_991,REST_36,CUST_55,2025-03-01 12:28:47,13,8,429
ORD_992,REST_4,CUST_119,2025-03-01 21:24:02,5,7,276
ORD_993,REST_42,CUST_247,2025-03-01 06:48:04,9,6,226
ORD_994,REST_33,CUST_247,2025-03-01 14:14:19,20,7,310
ORD_995,REST_45,CUST_365,2025-03-01 23:08:34,20,2,483
ORD_996,REST_16,CUST_85,2025-03-01 07:21:34,16,9,469
ORD_997,REST_2,CUST_292,2025-03-01 19:53:45,5,8,364
ORD_998,REST_42,CUST_290,2025-03-01 02:47:53,11,6,172
ORD_999,REST_10,CUST_142,2025-03-01 14:03:14,8,2,366
ORD_1000,REST_13,CUST_366,2025-03-01 10:05:12,16,7,373
