Order_ID,Pickup_Location,Dropoff_Location,Distance,Delivery_Time_Window,Status
ORD_1,"(26.73349, 80.87461)","(26.5118, 80.97506)",5.05,2025-03-01 11:05:02,Pending
ORD_2,"(26.64653, 80.82282)","(26.72913, 80.63619)",4.2,2025-03-01 08:55:59,Pending
ORD_3,"(26.99027, 80.62373)","(26.80184, 80.81998)",4.63,2025-03-01 02:00:59,Pending
ORD_4,"(26.88191, 80.71176)","(26.86229, 80.75905)",9.55,2025-03-01 01:25:51,Pending
ORD_5,"(26.58213, 80.93085)","(27.0829, 80.91033)",1.51,2025-03-01 13:53:38,Pending
ORD_6,"(26.76531, 80.72958)","(27.07605, 80.7707)",1.66,2025-03-01 17:49:13,Pending
ORD_7,"(26.8749, 80.644)","(26.99307, 81.10788)",8.34,2025-03-01 22:16:11,Pending
ORD_8,"(26.60122, 80.51327)","(26.99242, 80.95454)",8.09,2025-03-01 19:52:02,Pending
ORD_9,"(26.66485, 81.1641)","(26.64615, 81.01765)",1.05,2025-03-01 14:44:05,Pending
ORD_10,"(27.04854, 80.86776)","(26.69768, 81.07652)",4.41,2025-03-01 09:51:19,Pending
ORD_11,"(26.64041, 80.81226)","(26.79703, 80.67318)",6.08,2025-03-01 19:40:53,Pending
ORD_12,"(26.56945, 81.07043)","(26.69281, 80.60921)",5.6,2025-03-01 14:47:23,Pending
ORD_13,"(26.67064, 80.78407)","(27.095, 80.93898)",6.82,2025-03-01 18:36:59,Pending
ORD_14,"(26.74447, 80.54322)","(26.74449, 80.97747)",6.66,2025-03-01 01:27:12,Pending
ORD_15,"(26.98207, 81.02133)","(27.04361, 81.04631)",7.18,2025-03-01 16:45:11,Pending
ORD_16,"(27.16574, 80.8442)","(26.70923, 81.05603)",4.61,2025-03-01 21:27:31,Pending
ORD_17,"(27.0603, 80.97905)","(26.63552, 81.04398)",9.16,2025-03-01 10:34:48,Pending
ORD_18,"(27.00529, 81.02583)","(26.65618, 80.95846)",6.16,2025-03-01 18:31:12,Pending
ORD_19,"(27.12395, 80.92118)","(26.95702, 80.69485)",6.49,2025-03-01 22:19:00,Pending
ORD_20,"(26.54599, 80.93775)","(26.95868, 80.64589)",3.24,2025-03-01 18:27:00,Pending
ORD_21,"(26.99731, 80.97351)","(27.06586, 80.85845)",6.73,2025-03-01 15:36:06,Pending
ORD_22,"(26.54098, 80.54988)","(26.65847, 80.56196)",4.44,2025-03-01 11:34:09,Pending
ORD_23,"(26.90433, 80.61873)","(26.66753, 80.83587)",6.41,2025-03-01 22:32:37,Pending
ORD_24,"(26.62574, 80.56571)","(26.96364, 81.05221)",2.9,2025-03-01 22:54:49,Pending
ORD_25,"(26.87496, 80.6819)","(26.82286, 80.56683)",3.59,2025-03-01 19:10:56,Pending
ORD_26,"(26.80355, 80.68156)","(26.60571, 81.09729)",7.93,2025-03-01 12:37:36,Pending
ORD_27,"(26.8599, 80.95643)","(26.86266, 81.0906)",8.09,2025-03-01 13:44:06,Pending
ORD_28,"(26.96636, 80.95979)","(27.13322, 80.56656)",8.6,2025-03-01 10:05:40,Pending
ORD_29,"(27.14829, 80.77598)","(26.91448, 80.68798)",4.57,2025-03-02 00:08:26,Pending
ORD_30,"(26.93461, 80.90886)","(26.57621, 80.92238)",8.74,2025-03-01 03:55:25,Pending
ORD_31,"(26.53674, 80.68985)","(26.8618, 81.07694)",5.9,2025-03-01 18:13:33,Pending
ORD_32,"(26.89438, 80.83559)","(26.89229, 80.63609)",5.56,2025-03-01 05:28:22,Pending
ORD_33,"(26.64741, 80.53014)","(26.80902, 80.70014)",8.01,2025-03-01 17:06:34,Pending
ORD_34,"(26.93628, 80.56132)","(27.07297, 81.03883)",3.93,2025-03-01 16:43:08,Pending
ORD_35,"(26.52095, 81.18149)","(26.9888, 80.72331)",9.64,2025-03-01 07:54:07,Pending
ORD_36,"(27.1081, 81.12421)","(27.00025, 80.50341)",5.84,2025-03-01 14:58:06,Pending
ORD_37,"(26.5055, 80.81811)","(27.08576, 80.88654)",5.44,2025-03-01 05:16:02,Pending
ORD_38,"(26.71263, 81.15409)","(27.09166, 81.07132)",7.29,2025-03-01 02:23:59,Pending
ORD_39,"(26.75383, 80.96944)","(26.75408, 80.59721)",9.24,2025-03-01 02:33:43,Pending
ORD_40,"(26.93214, 81.14636)","(26.60757, 80.97351)",6.16,2025-03-01 17:33:12,Pending
ORD_41,"(26.65378, 80.81023)","(26.55389, 80.91958)",6.79,2025-03-01 23:22:15,Pending
ORD_42,"(26.71057, 80.61278)","(26.65287, 81.15838)",7.31,2025-03-01 16:34:00,Pending
ORD_43,"(26.67537, 80.89148)","(27.14891, 81.11878)",1.47,2025-03-01 19:21:58,Pending
ORD_44,"(26.5243, 80.64477)","(26.80832, 81.1955)",4.69,2025-03-01 07:23:28,Pending
ORD_45,"(27.11506, 80.68403)","(27.06486, 80.91721)",3.07,2025-03-01 05:10:50,Pending
ORD_46,"(26.6565, 80.87927)","(26.68987, 80.67472)",9.38,2025-03-01 13:35:00,Pending
ORD_47,"(27.01417, 80.56634)","(26.99072, 81.14866)",6.87,2025-03-01 19:45:43,Pending
ORD_48,"(27.08104, 81.07189)","(27.02964, 80.56264)",5.79,2025-03-01 00:49:49,Pending
ORD_49,"(26.57496, 81.01999)","(26.81387, 80.6586)",3.13,2025-03-01 19:38:33,Pending
ORD_50,"(26.80969, 81.13708)","(26.98033, 81.0794)",1.2,2025-03-01 16:25:54,Pending
ORD_51,"(26.76437, 80.55592)","(26.89603, 80.64383)",7.74,2025-03-01 13:21:07,Pending
ORD_52,"(26.92874, 81.11384)","(26.77152, 80.83757)",2.18,2025-03-01 05:03:37,Pending
ORD_53,"(26.67578, 80.52534)","(26.82814, 80.56673)",5.97,2025-03-01 04:06:19,Pending
ORD_54,"(26.76821, 80.54946)","(27.1552, 80.92904)",4.71,2025-03-01 06:20:03,Pending
ORD_55,"(26.8041, 80.57181)","(26.934, 80.58283)",3.94,2025-03-01 07:34:01,Pending
ORD_56,"(26.7041, 80.55645)","(26.86081, 80.93196)",3.63,2025-03-01 04:01:11,Pending
ORD_57,"(27.13352, 80.99333)","(26.89012, 81.13995)",6.73,2025-03-01 18:29:31,Pending
ORD_58,"(27.11817, 80.59313)","(26.74289, 81.15149)",9.58,2025-03-01 11:53:42,Pending
ORD_59,"(26.62424, 80.5208)","(26.74605, 80.52431)",9.93,2025-03-01 19:53:28,Pending
ORD_60,"(26.85481, 80.97639)","(27.0325, 81.0535)",1.26,2025-03-01 09:50:47,Pending
ORD_61,"(27.01203, 80.87086)","(26.61277, 80.67967)",4.77,2025-03-01 05:17:40,Pending
ORD_62,"(26.57916, 80.57586)","(26.54613, 80.75251)",4.93,2025-03-01 07:41:20,Pending
ORD_63,"(26.66177, 81.06894)","(26.58451, 81.03955)",9.8,2025-03-01 07:21:50,Pending
ORD_64,"(26.52884, 80.59055)","(27.02262, 80.72783)",3.38,2025-03-01 18:53:34,Pending
ORD_65,"(26.78335, 81.07189)","(26.88179, 81.00196)",1.49,2025-03-01 05:32:27,Pending
ORD_66,"(26.58182, 80.65111)","(26.86235, 81.0881)",9.79,2025-03-02 00:19:53,Pending
ORD_67,"(26.68254, 81.14089)","(26.57478, 81.07056)",8.91,2025-03-01 18:17:00,Pending
ORD_68,"(26.81983, 81.12198)","(26.90672, 81.0389)",2.89,2025-03-01 06:09:23,Pending
ORD_69,"(26.8944, 80.53459)","(26.65807, 81.02251)",1.46,2025-03-01 16:59:34,Pending
ORD_70,"(27.14669, 80.78807)","(26.5848, 81.10111)",7.4,2025-03-01 08:43:23,Pending
ORD_71,"(27.04841, 80.9141)","(26.85814, 80.67573)",4.95,2025-03-01 07:43:00,Pending
ORD_72,"(26.79112, 80.7894)","(27.05983, 81.09755)",7.02,2025-03-01 18:07:48,Pending
ORD_73,"(27.11488, 80.71313)","(26.98876, 80.5605)",3.99,2025-03-01 22:40:42,Pending
ORD_74,"(26.68384, 80.77329)","(26.78372, 80.90739)",6.64,2025-03-01 13:04:33,Pending
ORD_75,"(26.7298, 80.88364)","(26.64749, 80.71888)",4.18,2025-03-01 15:28:40,Pending
ORD_76,"(27.05028, 80.87247)","(26.84597, 80.86603)",3.26,2025-03-01 19:14:28,Pending
ORD_77,"(26.63627, 80.84012)","(26.56527, 81.1878)",6.65,2025-03-01 04:37:52,Pending
ORD_78,"(26.69145, 81.08128)","(26.94731, 80.70239)",9.22,2025-03-01 01:46:56,Pending
ORD_79,"(26.9856, 80.94151)","(27.10642, 80.82491)",4.3,2025-03-01 20:29:05,Pending
ORD_80,"(26.88832, 80.6436)","(26.83063, 80.81717)",6.34,2025-03-01 16:26:04,Pending
ORD_81,"(26.84259, 80.654)","(26.70279, 81.10885)",8.5,2025-03-01 08:01:03,Pending
ORD_82,"(26.71646, 80.58019)","(27.1085, 80.92521)",5.27,2025-03-01 20:09:03,Pending
ORD_83,"(26.88999, 81.09531)","(26.66537, 81.15966)",9.51,2025-03-01 00:41:12,Pending
ORD_84,"(27.07365, 81.20226)","(26.74414, 80.81782)",8.62,2025-03-02 00:27:49,Pending
ORD_85,"(26.77888, 81.05722)","(27.05246, 81.19862)",4.66,2025-03-01 09:58:43,Pending
ORD_86,"(26.53192, 81.10543)","(26.94631, 81.18519)",5.15,2025-03-01 07:30:52,Pending
ORD_87,"(27.0292, 81.12493)","(27.12297, 80.78324)",7.22,2025-03-01 02:01:24,Pending
ORD_88,"(26.89624, 81.10278)","(26.53897, 80.55966)",8.12,2025-03-01 10:25:02,Pending
ORD_89,"(26.63291, 81.07026)","(26.9835, 81.19909)",6.83,2025-03-01 03:45:08,Pending
ORD_90,"(26.58126, 81.14195)","(26.86271, 80.70494)",9.78,2025-03-01 01:51:12,Pending
ORD_91,"(27.03252, 81.01048)","(26.9149, 80.5238)",2.37,2025-03-01 17:06:03,Pending
ORD_92,"(26.79378, 80.71557)","(27.06211, 80.66639)",3.48,2025-03-01 22:21:40,Pending
ORD_93,"(27.13843, 80.90384)","(27.01783, 81.06393)",5.75,2025-03-01 10:04:44,Pending
ORD_94,"(26.65069, 81.12622)","(27.09908, 81.08159)",9.56,2025-03-01 20:00:35,Pending
ORD_95,"(26.62315, 80.7098)","(27.1493, 81.18251)",7.89,2025-03-01 06:15:17,Pending
ORD_96,"(26.57961, 80.57699)","(26.56972, 81.18216)",4.19,2025-03-01 15:35:00,Pending
ORD_97,"(26.60424, 80.82419)","(26.73566, 80.59833)",5.54,2025-03-01 21:20:42,Pending
ORD_98,"(26.5519, 81.21539)","(27.0028, 80.85154)",9.44,2025-03-01 10:50:31,Pending
ORD_99,"(26.54591, 80.65041)","(27.15069, 80.91544)",3.89,2025-03-01 18:54:53,Pending
ORD_100,"(27.10523, 80.506)","(27.15964, 80.50246)",6.44,2025-03-01 23:17:55,Pending
ORD_101,"(26.88492, 80.93342)","(26.51214, 80.822)",5.6,2025-03-01 13:28:48,Pending
ORD_102,"(26.53125, 80.62142)","(26.86665, 80.53999)",7.21,2025-03-01 15:45:08,Pending
ORD_103,"(26.81976, 80.93148)","(26.74784, 81.03769)",7.08,2025-03-01 08:26:35,Pending
ORD_104,"(27.00387, 80.79993)","(26.51134, 80.69946)",9.38,2025-03-01 23:49:40,Pending
ORD_105,"(26.74629, 80.73671)","(27.08761, 81.15498)",4.29,2025-03-01 07:44:14,Pending
ORD_106,"(26.68886, 81.09305)","(26.78575, 80.61997)",8.06,2025-03-01 23:25:04,Pending
ORD_107,"(26.83306, 80.84211)","(27.03547, 80.61307)",2.9,2025-03-01 14:53:07,Pending
ORD_108,"(26.99067, 81.17698)","(26.99667, 81.10931)",3.65,2025-03-01 11:49:35,Pending
ORD_109,"(27.16198, 80.89612)","(26.82545, 80.72799)",4.83,2025-03-01 22:57:02,Pending
ORD_110,"(26.67672, 81.02285)","(26.84849, 81.01709)",2.63,2025-03-02 00:06:47,Pending
ORD_111,"(27.14444, 81.1045)","(26.97636, 80.66991)",8.8,2025-03-01 14:38:24,Pending
ORD_112,"(27.05076, 81.13609)","(26.89869, 80.97247)",4.99,2025-03-01 03:58:03,Pending
ORD_113,"(27.0542, 80.93567)","(26.59191, 80.64227)",8.45,2025-03-01 15:44:05,Pending
ORD_114,"(27.08086, 80.63984)","(26.62116, 81.06735)",4.86,2025-03-01 10:43:28,Pending
ORD_115,"(27.04102, 80.90531)","(26.93932, 81.18598)",6.14,2025-03-01 09:17:47,Pending
ORD_116,"(26.75836, 80.70458)","(26.61541, 81.02931)",8.68,2025-03-01 18:14:19,Pending
ORD_117,"(26.7984, 81.14112)","(26.64229, 80.51546)",3.72,2025-03-01 04:15:20,Pending
ORD_118,"(27.04006, 80.78223)","(26.70463, 80.59982)",8.39,2025-03-01 02:39:58,Pending
ORD_119,"(26.92788, 81.17305)","(27.15439, 80.75615)",8.43,2025-03-01 14:30:29,Pending
ORD_120,"(26.91125, 81.11151)","(26.78712, 80.68754)",5.6,2025-03-01 05:14:56,Pending
ORD_121,"(26.54374, 81.08199)","(26.60725, 80.7227)",4.2,2025-03-01 08:48:34,Pending
ORD_122,"(26.56864, 80.5514)","(26.7892, 80.64383)",5.49,2025-03-01 08:20:29,Pending
ORD_123,"(26.55119, 80.93869)","(27.10887, 80.88172)",9.19,2025-03-01 09:52:15,Pending
ORD_124,"(26.86474, 80.91733)","(26.69655, 80.88227)",3.88,2025-03-01 09:28:09,Pending
ORD_125,"(26.78349, 80.50961)","(26.68734, 80.62264)",7.33,2025-03-01 15:58:35,Pending
ORD_126,"(27.08357, 80.98522)","(27.03864, 80.95128)",9.73,2025-03-01 04:02:02,Pending
ORD_127,"(26.51848, 80.90898)","(26.97355, 80.81926)",6.75,2025-03-01 17:09:53,Pending
ORD_128,"(26.58761, 80.62152)","(26.60262, 80.94534)",2.06,2025-03-01 03:59:08,Pending
ORD_129,"(27.1326, 81.13765)","(26.98413, 80.69564)",2.65,2025-03-02 00:03:59,Pending
ORD_130,"(26.9474, 80.86948)","(27.04458, 80.89782)",7.8,2025-03-01 15:09:15,Pending
ORD_131,"(26.54469, 80.87368)","(26.72513, 80.97763)",7.76,2025-03-01 06:27:11,Pending
ORD_132,"(26.74563, 80.71181)","(27.07774, 80.66536)",7.37,2025-03-01 02:44:30,Pending
ORD_133,"(27.15494, 81.12964)","(27.10434, 80.56054)",3.02,2025-03-01 07:15:16,Pending
ORD_134,"(27.02592, 81.08651)","(26.53329, 80.74929)",1.27,2025-03-01 08:34:39,Pending
ORD_135,"(26.80927, 81.20111)","(26.78131, 81.1021)",4.95,2025-03-01 04:10:02,Pending
ORD_136,"(27.16098, 80.74766)","(26.7156, 81.04422)",4.8,2025-03-01 08:11:06,Pending
ORD_137,"(26.98869, 80.90738)","(26.56194, 80.57915)",9.67,2025-03-01 03:00:38,Pending
ORD_138,"(27.01169, 80.94569)","(26.69896, 81.10307)",5.09,2025-03-01 01:34:13,Pending
ORD_139,"(27.01645, 81.07267)","(26.5361, 80.82427)",6.58,2025-03-01 05:59:13,Pending
ORD_140,"(26.69798, 80.84517)","(26.60015, 80.90535)",5.76,2025-03-01 04:55:39,Pending
ORD_141,"(26.77478, 80.50619)","(26.69419, 80.64909)",6.11,2025-03-02 00:02:45,Pending
ORD_142,"(26.72047, 80.87172)","(26.94783, 80.55524)",2.01,2025-03-01 13:09:19,Pending
ORD_143,"(27.08424, 80.70829)","(26.90638, 80.73939)",1.07,2025-03-01 08:10:40,Pending
ORD_144,"(27.01096, 81.14977)","(26.64114, 80.67272)",5.65,2025-03-01 22:18:48,Pending
ORD_145,"(26.68688, 80.53748)","(27.04765, 80.61036)",8.1,2025-03-01 19:44:45,Pending
ORD_146,"(26.63499, 81.15883)","(26.80206, 80.81586)",5.27,2025-03-01 13:55:58,Pending
ORD_147,"(26.73001, 81.19031)","(26.82068, 81.07777)",3.08,2025-03-01 05:09:52,Pending
ORD_148,"(26.97835, 80.61639)","(27.10521, 81.11471)",1.71,2025-03-01 12:14:16,Pending
ORD_149,"(26.81436, 81.15155)","(26.51555, 81.0413)",1.86,2025-03-01 14:24:52,Pending
ORD_150,"(26.59216, 80.55783)","(27.102, 80.79787)",2.49,2025-03-01 22:48:46,Pending
ORD_151,"(27.04453, 81.08671)","(26.67658, 80.53553)",3.87,2025-03-01 19:42:43,Pending
ORD_152,"(26.66911, 80.56344)","(26.91058, 80.85069)",5.27,2025-03-01 07:43:56,Pending
ORD_153,"(26.55882, 81.0126)","(27.05725, 80.59896)",4.04,2025-03-01 11:15:38,Pending
ORD_154,"(27.07693, 80.63062)","(26.59436, 81.09682)",4.19,2025-03-01 03:08:12,Pending
ORD_155,"(26.76392, 81.10789)","(27.16725, 80.99232)",7.04,2025-03-01 05:59:29,Pending
ORD_156,"(27.12838, 81.0993)","(26.55687, 81.1399)",6.81,2025-03-01 00:40:34,Pending
ORD_157,"(27.12902, 80.6056)","(26.50388, 80.63395)",2.24,2025-03-01 11:33:32,Pending
ORD_158,"(27.01039, 80.86944)","(26.98069, 80.56238)",5.44,2025-03-01 07:33:44,Pending
ORD_159,"(26.62381, 80.52576)","(26.712, 80.5146)",9.72,2025-03-01 20:01:02,Pending
ORD_160,"(26.77329, 80.92178)","(26.54906, 81.04995)",9.62,2025-03-01 06:20:05,Pending
ORD_161,"(26.59349, 80.72828)","(26.9581, 80.9227)",6.24,2025-03-01 04:25:34,Pending
ORD_162,"(26.62093, 80.99494)","(26.62088, 81.05155)",3.29,2025-03-01 01:42:14,Pending
ORD_163,"(26.72064, 80.55081)","(27.13957, 80.81342)",2.9,2025-03-01 04:02:47,Pending
ORD_164,"(26.93062, 80.65332)","(26.78223, 80.86122)",9.88,2025-03-01 01:18:01,Pending
ORD_165,"(26.94888, 81.21565)","(26.5209, 81.10689)",4.61,2025-03-01 17:29:47,Pending
ORD_166,"(26.94838, 80.52615)","(26.67639, 81.0759)",9.28,2025-03-01 16:28:06,Pending
ORD_167,"(26.8722, 81.07628)","(26.79225, 80.5266)",6.37,2025-03-01 22:36:25,Pending
ORD_168,"(27.10893, 80.50931)","(26.99883, 80.87099)",8.32,2025-03-01 11:33:41,Pending
ORD_169,"(26.95665, 81.1644)","(26.52554, 81.11961)",9.77,2025-03-01 10:43:14,Pending
ORD_170,"(27.02833, 81.19087)","(26.7327, 80.93599)",4.05,2025-03-01 06:27:41,Pending
ORD_171,"(26.55872, 80.92251)","(26.86743, 80.69824)",8.68,2025-03-01 20:17:22,Pending
ORD_172,"(26.58779, 80.52733)","(26.65189, 80.87028)",2.54,2025-03-01 13:52:23,Pending
ORD_173,"(26.87522, 80.78347)","(26.76518, 81.09174)",6.67,2025-03-01 02:19:10,Pending
ORD_174,"(26.56648, 80.8267)","(26.77611, 80.72499)",5.83,2025-03-01 14:32:22,Pending
ORD_175,"(26.50545, 80.94449)","(26.85851, 80.63649)",3.46,2025-03-01 21:08:20,Pending
ORD_176,"(26.70741, 80.76105)","(27.10339, 80.88588)",8.79,2025-03-01 05:27:12,Pending
ORD_177,"(27.10091, 80.99154)","(26.62315, 80.58382)",3.88,2025-03-01 07:03:16,Pending
ORD_178,"(26.57512, 80.97749)","(26.97158, 80.6388)",5.45,2025-03-01 17:17:59,Pending
ORD_179,"(26.97824, 80.96373)","(26.62688, 81.02916)",2.01,2025-03-01 16:25:26,Pending
ORD_180,"(26.59402, 80.81204)","(26.87124, 80.57278)",6.06,2025-03-01 00:47:20,Pending
ORD_181,"(26.7772, 81.08589)","(26.8876, 80.50966)",1.68,2025-03-01 19:04:14,Pending
ORD_182,"(27.10804, 80.95896)","(27.16754, 80.50783)",2.68,2025-03-01 16:29:19,Pending
ORD_183,"(26.79953, 80.9248)","(26.97158, 81.19324)",4.37,2025-03-01 08:28:14,Pending
ORD_184,"(26.64904, 80.64967)","(26.98175, 81.00956)",3.06,2025-03-02 00:02:51,Pending
ORD_185,"(26.76633, 81.06094)","(26.87949, 80.6796)",4.03,2025-03-01 14:07:17,Pending
ORD_186,"(26.54432, 80.78593)","(26.77588, 80.8775)",6.42,2025-03-01 23:47:02,Pending
ORD_187,"(27.09287, 81.19808)","(26.54352, 81.10359)",4.61,2025-03-01 05:14:13,Pending
ORD_188,"(26.57631, 80.87083)","(26.89671, 81.19929)",7.22,2025-03-01 01:55:59,Pending
ORD_189,"(26.61394, 80.5297)","(26.80314, 81.07984)",3.91,2025-03-01 08:43:31,Pending
ORD_190,"(26.52047, 81.03757)","(26.83512, 80.51102)",5.65,2025-03-01 18:16:29,Pending
ORD_191,"(26.58915, 80.91533)","(27.06351, 80.84182)",2.44,2025-03-01 05:24:05,Pending
ORD_192,"(26.57869, 80.79271)","(26.64792, 80.54419)",7.73,2025-03-01 02:20:22,Pending
ORD_193,"(26.97954, 80.6505)","(27.05014, 81.09648)",3.33,2025-03-01 12:07:59,Pending
ORD_194,"(27.0946, 80.71629)","(26.82252, 81.08636)",2.19,2025-03-01 06:06:07,Pending
ORD_195,"(26.93231, 81.00538)","(27.08556, 80.59035)",7.91,2025-03-01 17:59:21,Pending
ORD_196,"(27.07127, 80.84222)","(27.13092, 80.90034)",1.64,2025-03-01 21:08:35,Pending
ORD_197,"(26.59681, 80.92513)","(27.05234, 80.50757)",9.96,2025-03-01 09:43:06,Pending
ORD_198,"(26.9775, 80.90883)","(26.517, 81.1843)",7.7,2025-03-01 16:39:04,Pending
ORD_199,"(26.54127, 81.10048)","(27.14289, 80.50247)",9.3,2025-03-01 17:41:40,Pending
ORD_200,"(27.12503, 81.09247)","(27.06737, 80.55161)",9.81,2025-03-01 19:25:22,Pending
ORD_201,"(26.69743, 81.00396)","(27.02457, 81.17036)",6.52,2025-03-01 07:19:30,Pending
ORD_202,"(26.81248, 81.02966)","(27.06659, 81.08238)",9.12,2025-03-01 19:18:22,Pending
ORD_203,"(26.77858, 80.61802)","(27.15495, 81.11972)",2.55,2025-03-01 02:54:22,Pending
ORD_204,"(26.66597, 80.9676)","(26.70755, 80.52789)",4.03,2025-03-01 08:34:48,Pending
ORD_205,"(26.56725, 80.92969)","(26.72885, 80.62308)",7.26,2025-03-01 05:51:39,Pending
ORD_206,"(27.08165, 80.83669)","(26.94241, 80.66863)",9.07,2025-03-01 02:55:47,Pending
ORD_207,"(27.11275, 80.69399)","(26.70264, 80.51443)",6.3,2025-03-01 03:10:19,Pending
ORD_208,"(26.58295, 80.80094)","(27.0713, 80.82796)",3.73,2025-03-01 18:02:16,Pending
ORD_209,"(26.58741, 80.54341)","(26.9748, 81.15897)",8.96,2025-03-01 21:58:13,Pending
ORD_210,"(26.66705, 80.75176)","(26.61798, 80.9344)",3.62,2025-03-01 09:05:45,Pending
ORD_211,"(26.95803, 81.21713)","(26.58757, 80.5459)",1.52,2025-03-01 18:21:36,Pending
ORD_212,"(26.82475, 80.53656)","(26.86554, 81.19607)",9.68,2025-03-01 14:12:54,Pending
ORD_213,"(26.51913, 80.65917)","(27.06355, 80.99082)",2.46,2025-03-01 03:48:49,Pending
ORD_214,"(26.55089, 80.60463)","(27.04882, 81.16465)",9.57,2025-03-01 20:43:27,Pending
ORD_215,"(26.96185, 80.64523)","(26.88915, 80.93268)",3.54,2025-03-01 14:52:37,Pending
ORD_216,"(27.11242, 80.63522)","(26.52363, 80.66768)",4.14,2025-03-01 20:58:52,Pending
ORD_217,"(26.68275, 80.65238)","(26.9382, 80.66672)",3.0,2025-03-01 10:29:55,Pending
ORD_218,"(26.90693, 80.68969)","(26.93747, 80.70543)",8.39,2025-03-01 22:12:35,Pending
ORD_219,"(26.96213, 80.87353)","(27.04446, 81.10109)",8.64,2025-03-01 17:10:53,Pending
ORD_220,"(27.0908, 80.76178)","(26.60873, 81.16487)",2.2,2025-03-01 10:28:09,Pending
ORD_221,"(27.10807, 81.01155)","(26.96135, 80.91271)",9.92,2025-03-01 21:54:36,Pending
ORD_222,"(26.59431, 80.85627)","(26.97466, 81.02254)",6.86,2025-03-01 14:54:23,Pending
ORD_223,"(26.96095, 80.88777)","(27.07849, 80.59913)",2.7,2025-03-01 16:05:59,Pending
ORD_224,"(26.53496, 80.62891)","(27.09662, 81.0739)",6.81,2025-03-01 02:20:23,Pending
ORD_225,"(26.53335, 81.07579)","(26.76238, 80.68891)",6.55,2025-03-01 02:46:32,Pending
ORD_226,"(26.54505, 80.59129)","(27.01251, 80.70465)",9.81,2025-03-01 06:21:31,Pending
ORD_227,"(26.70871, 80.87536)","(26.69109, 81.20043)",9.67,2025-03-01 05:54:02,Pending
ORD_228,"(26.71139, 80.62441)","(27.11133, 81.12359)",5.27,2025-03-01 15:23:10,Pending
ORD_229,"(26.66194, 80.77982)","(26.98852, 80.60185)",4.47,2025-03-01 08:08:23,Pending
ORD_230,"(26.58436, 80.96925)","(26.56606, 81.19362)",1.2,2025-03-01 09:32:43,Pending
ORD_231,"(27.09594, 81.12066)","(26.76273, 80.77484)",1.21,2025-03-01 10:07:39,Pending
ORD_232,"(26.90538, 80.50057)","(27.15181, 81.05923)",5.87,2025-03-01 13:28:24,Pending
ORD_233,"(26.98312, 81.13042)","(26.50029, 80.5205)",7.91,2025-03-01 03:51:20,Pending
ORD_234,"(26.58166, 80.67951)","(27.10079, 80.78538)",5.52,2025-03-01 02:25:29,Pending
ORD_235,"(26.85089, 81.11607)","(26.8033, 81.16855)",7.79,2025-03-01 23:39:19,Pending
ORD_236,"(26.8919, 81.18684)","(26.96127, 81.14027)",4.81,2025-03-01 16:31:20,Pending
ORD_237,"(26.84108, 81.08643)","(26.57235, 81.12957)",5.94,2025-03-01 22:07:15,Pending
ORD_238,"(27.11346, 80.53795)","(27.03335, 81.03217)",1.42,2025-03-01 08:39:32,Pending
ORD_239,"(26.69063, 81.03487)","(27.12948, 80.72045)",3.82,2025-03-01 07:05:54,Pending
ORD_240,"(26.66051, 80.7417)","(26.70243, 80.88832)",5.51,2025-03-01 10:30:11,Pending
ORD_241,"(26.99981, 80.6773)","(27.02683, 81.13605)",9.0,2025-03-01 22:10:21,Pending
ORD_242,"(26.55777, 81.03613)","(26.59056, 81.17279)",4.55,2025-03-01 05:24:54,Pending
ORD_243,"(27.04408, 80.52158)","(27.06124, 80.56983)",7.0,2025-03-01 09:02:17,Pending
ORD_244,"(26.77612, 80.76867)","(26.59517, 81.0583)",6.56,2025-03-01 14:44:57,Pending
ORD_245,"(27.14599, 80.83589)","(26.73517, 80.85573)",8.87,2025-03-01 17:35:42,Pending
ORD_246,"(26.63613, 80.9454)","(26.83528, 80.59187)",7.66,2025-03-01 18:13:18,Pending
ORD_247,"(26.91487, 80.57776)","(26.53509, 80.9655)",4.94,2025-03-01 00:47:54,Pending
ORD_248,"(26.94469, 80.83147)","(26.70027, 80.9054)",4.08,2025-03-01 05:10:19,Pending
ORD_249,"(26.72163, 81.1856)","(26.68316, 81.10822)",7.58,2025-03-01 02:03:19,Pending
ORD_250,"(26.89283, 80.54415)","(26.66602, 80.649)",8.29,2025-03-01 22:35:27,Pending
ORD_251,"(27.11539, 81.21944)","(27.00704, 80.59836)",8.28,2025-03-01 14:29:34,Pending
ORD_252,"(26.96452, 81.1491)","(26.63031, 81.02663)",6.11,2025-03-01 08:17:35,Pending
ORD_253,"(27.02776, 80.7672)","(26.77902, 80.87337)",8.42,2025-03-01 06:53:52,Pending
ORD_254,"(26.99127, 81.01657)","(26.74549, 80.84296)",1.9,2025-03-01 06:53:02,Pending
ORD_255,"(26.68851, 80.71831)","(27.00849, 80.68385)",2.98,2025-03-01 14:17:17,Pending
ORD_256,"(26.96461, 81.09628)","(26.50685, 80.78551)",9.73,2025-03-01 15:18:30,Pending
ORD_257,"(26.57332, 80.69399)","(26.65846, 81.19896)",2.21,2025-03-01 23:15:16,Pending
ORD_258,"(27.04423, 80.72919)","(26.81293, 80.83126)",6.95,2025-03-01 06:46:03,Pending
ORD_259,"(27.02356, 80.85889)","(26.86877, 80.84685)",2.93,2025-03-01 12:59:57,Pending
ORD_260,"(26.89318, 80.8626)","(26.7891, 80.77582)",6.45,2025-03-01 13:53:42,Pending
ORD_261,"(26.76696, 80.74515)","(26.58077, 80.85643)",3.11,2025-03-01 08:09:04,Pending
ORD_262,"(27.15815, 80.56942)","(26.99522, 80.64878)",8.22,2025-03-01 08:20:33,Pending
ORD_263,"(27.08505, 81.05744)","(27.10258, 80.632)",1.24,2025-03-01 10:46:31,Pending
ORD_264,"(26.9499, 81.19052)","(26.7999, 80.72819)",8.94,2025-03-01 16:35:18,Pending
ORD_265,"(26.96496, 80.98183)","(26.51928, 80.65392)",1.32,2025-03-01 02:07:26,Pending
ORD_266,"(26.64581, 80.73587)","(26.73546, 80.60066)",7.61,2025-03-01 14:16:56,Pending
ORD_267,"(26.7236, 80.55434)","(26.59796, 80.86588)",8.33,2025-03-01 14:04:55,Pending
ORD_268,"(26.73207, 80.80256)","(27.03032, 81.14249)",7.95,2025-03-01 15:11:15,Pending
ORD_269,"(26.58065, 81.01729)","(27.15591, 80.91978)",5.07,2025-03-01 13:33:10,Pending
ORD_270,"(26.75898, 80.98326)","(27.07398, 81.01006)",4.25,2025-03-01 17:31:04,Pending
ORD_271,"(26.62282, 80.84677)","(27.09645, 80.67841)",7.1,2025-03-01 00:39:07,Pending
ORD_272,"(26.72247, 80.63358)","(27.00411, 80.63893)",4.38,2025-03-01 06:47:31,Pending
ORD_273,"(27.05825, 80.77211)","(26.70948, 80.90444)",5.17,2025-03-01 15:17:04,Pending
ORD_274,"(26.68368, 80.73183)","(26.75933, 80.73803)",8.22,2025-03-01 12:35:20,Pending
ORD_275,"(26.65635, 80.73538)","(27.01598, 80.75252)",9.91,2025-03-01 07:29:20,Pending
ORD_276,"(26.82787, 81.19149)","(27.08411, 81.04307)",3.95,2025-03-01 17:59:05,Pending
ORD_277,"(26.69204, 81.14687)","(26.69718, 80.8984)",4.92,2025-03-01 16:11:38,Pending
ORD_278,"(27.06935, 80.66232)","(27.05395, 81.18666)",3.03,2025-03-01 09:33:22,Pending
ORD_279,"(26.55881, 80.91341)","(26.93747, 81.15367)",4.84,2025-03-01 01:08:42,Pending
ORD_280,"(26.69974, 81.1753)","(26.52603, 80.78598)",9.93,2025-03-01 11:08:14,Pending
ORD_281,"(26.82447, 81.16145)","(26.74527, 80.53323)",5.17,2025-03-01 03:48:03,Pending
ORD_282,"(27.09024, 81.18324)","(26.93753, 81.13497)",6.75,2025-03-01 08:55:39,Pending
ORD_283,"(26.65457, 81.09819)","(26.67156, 80.74177)",5.5,2025-03-01 18:03:31,Pending
ORD_284,"(27.03349, 80.82147)","(26.98016, 80.94072)",7.89,2025-03-01 19:53:19,Pending
ORD_285,"(26.53156, 80.50818)","(26.82141, 80.51459)",1.04,2025-03-01 23:48:44,Pending
ORD_286,"(27.098, 80.91421)","(26.71661, 81.16161)",5.31,2025-03-01 10:33:58,Pending
ORD_287,"(27.12203, 80.63215)","(27.04629, 80.90491)",3.12,2025-03-01 15:09:48,Pending
ORD_288,"(26.76327, 81.00168)","(26.6734, 80.50876)",4.12,2025-03-01 02:49:08,Pending
ORD_289,"(27.03791, 81.07718)","(26.81126, 80.97219)",9.17,2025-03-01 01:53:58,Pending
ORD_290,"(26.68683, 80.82849)","(27.03382, 80.63365)",6.94,2025-03-01 02:50:00,Pending
ORD_291,"(27.10334, 80.88238)","(26.85961, 80.74553)",2.55,2025-03-01 06:48:42,Pending
ORD_292,"(26.50416, 80.83311)","(26.55716, 80.65842)",4.79,2025-03-01 22:41:06,Pending
ORD_293,"(26.71127, 80.54275)","(26.8589, 80.99866)",8.58,2025-03-01 23:37:22,Pending
ORD_294,"(26.8877, 80.79144)","(27.14912, 80.79701)",5.7,2025-03-01 04:29:11,Pending
ORD_295,"(27.04527, 80.60116)","(27.11701, 80.63784)",6.29,2025-03-01 21:53:42,Pending
ORD_296,"(26.65321, 81.12107)","(27.14695, 80.56509)",1.42,2025-03-01 22:11:42,Pending
ORD_297,"(26.7404, 80.62729)","(26.93423, 80.81146)",1.95,2025-03-01 17:20:56,Pending
ORD_298,"(26.75339, 80.6704)","(26.89293, 80.7407)",1.67,2025-03-01 10:44:23,Pending
ORD_299,"(26.66065, 81.16644)","(26.5043, 80.81869)",4.39,2025-03-01 16:20:03,Pending
ORD_300,"(27.01803, 80.5547)","(26.83146, 80.66437)",9.53,2025-03-01 01:02:23,Pending
ORD_301,"(26.60664, 80.69765)","(27.06243, 80.5958)",3.33,2025-03-01 04:23:59,Pending
ORD_302,"(26.82881, 81.01633)","(26.8992, 80.671)",9.03,2025-03-01 21:36:07,Pending
ORD_303,"(26.83261, 80.79556)","(26.71745, 80.88834)",1.75,2025-03-01 17:07:59,Pending
ORD_304,"(26.59977, 81.11824)","(26.58491, 81.133)",2.81,2025-03-01 03:37:25,Pending
ORD_305,"(26.96786, 80.89261)","(26.98364, 80.90119)",7.13,2025-03-01 22:40:06,Pending
ORD_306,"(26.72263, 80.99729)","(26.96429, 80.60889)",2.41,2025-03-01 12:42:26,Pending
ORD_307,"(27.04489, 81.04878)","(26.59646, 80.8693)",8.11,2025-03-01 03:41:53,Pending
ORD_308,"(26.51929, 80.77235)","(26.59446, 80.93234)",4.62,2025-03-01 23:38:55,Pending
ORD_309,"(26.6645, 80.78118)","(26.99758, 80.81054)",7.28,2025-03-01 19:37:34,Pending
ORD_310,"(26.7862, 80.63489)","(26.61899, 81.13812)",7.41,2025-03-01 20:51:52,Pending
ORD_311,"(26.92053, 81.08269)","(26.61854, 80.76719)",4.63,2025-03-01 17:58:46,Pending
ORD_312,"(26.79491, 80.76467)","(26.50904, 80.77301)",3.81,2025-03-01 09:30:09,Pending
ORD_313,"(26.69539, 80.90418)","(27.0247, 80.69503)",4.36,2025-03-01 21:43:45,Pending
ORD_314,"(26.9758, 80.88763)","(26.95963, 80.68324)",6.67,2025-03-01 14:50:17,Pending
ORD_315,"(26.60982, 80.78153)","(26.88137, 80.50547)",7.21,2025-03-01 07:42:06,Pending
ORD_316,"(26.93247, 81.07716)","(26.79314, 81.00651)",9.85,2025-03-01 02:58:55,Pending
ORD_317,"(26.93388, 80.83449)","(26.53123, 80.82933)",1.43,2025-03-01 12:18:41,Pending
ORD_318,"(26.50557, 80.87106)","(26.78708, 80.50467)",6.71,2025-03-01 20:05:22,Pending
ORD_319,"(27.1682, 80.73765)","(27.16687, 81.01249)",3.41,2025-03-01 12:53:51,Pending
ORD_320,"(27.16342, 80.63584)","(26.87056, 80.50836)",1.5,2025-03-01 21:56:09,Pending
ORD_321,"(26.71332, 81.03751)","(26.71919, 81.1024)",3.43,2025-03-01 03:55:54,Pending
ORD_322,"(26.96342, 80.94466)","(26.85613, 81.05736)",8.07,2025-03-01 05:30:26,Pending
ORD_323,"(26.70332, 81.0529)","(26.96951, 80.93797)",9.06,2025-03-01 18:45:18,Pending
ORD_324,"(26.65845, 80.98468)","(27.12273, 80.80398)",8.86,2025-03-01 09:23:34,Pending
ORD_325,"(27.12457, 81.03602)","(27.16839, 80.78686)",2.06,2025-03-02 00:41:02,Pending
ORD_326,"(26.889, 81.04521)","(26.53202, 81.17422)",4.79,2025-03-01 06:43:02,Pending
ORD_327,"(26.92662, 80.56414)","(26.79369, 80.79178)",2.5,2025-03-01 20:27:58,Pending
ORD_328,"(26.74672, 81.01286)","(26.52032, 81.14724)",3.69,2025-03-01 12:34:42,Pending
ORD_329,"(26.97716, 80.59792)","(26.60049, 81.18818)",6.53,2025-03-01 05:11:17,Pending
ORD_330,"(26.80067, 80.98)","(26.62458, 80.67072)",5.87,2025-03-01 05:29:19,Pending
ORD_331,"(27.09958, 81.13796)","(26.97018, 81.18121)",5.91,2025-03-01 10:16:47,Pending
ORD_332,"(26.5469, 81.20799)","(27.07126, 80.88699)",2.11,2025-03-01 12:08:13,Pending
ORD_333,"(26.85753, 80.79566)","(26.87202, 80.58196)",3.23,2025-03-01 16:10:04,Pending
ORD_334,"(27.15226, 80.71277)","(26.95797, 80.91508)",6.19,2025-03-01 23:54:01,Pending
ORD_335,"(26.96812, 80.8646)","(26.72706, 80.51392)",9.77,2025-03-01 13:01:38,Pending
ORD_336,"(26.64712, 81.1978)","(26.70051, 81.17753)",9.95,2025-03-01 15:19:31,Pending
ORD_337,"(26.77023, 80.69807)","(27.0922, 81.14823)",4.86,2025-03-01 16:30:22,Pending
ORD_338,"(26.95078, 81.07159)","(26.6896, 80.57584)",9.26,2025-03-01 01:21:59,Pending
ORD_339,"(26.7053, 80.6936)","(26.91259, 81.14901)",2.72,2025-03-01 17:43:16,Pending
ORD_340,"(26.71169, 80.77847)","(27.1369, 80.6269)",9.18,2025-03-01 12:40:13,Pending
ORD_341,"(26.5391, 80.93306)","(26.72656, 81.19307)",8.19,2025-03-01 11:41:10,Pending
ORD_342,"(26.638, 80.5008)","(26.53111, 81.21833)",2.67,2025-03-01 16:21:54,Pending
ORD_343,"(26.96941, 81.08667)","(26.97028, 80.50063)",5.09,2025-03-01 08:25:25,Pending
ORD_344,"(27.09471, 80.93773)","(27.15432, 80.56965)",6.35,2025-03-01 09:34:40,Pending
ORD_345,"(27.04625, 80.85004)","(26.7256, 80.58565)",3.39,2025-03-01 20:20:48,Pending
ORD_346,"(27.11833, 80.84839)","(26.59578, 80.54162)",2.3,2025-03-01 21:37:18,Pending
ORD_347,"(27.1458, 80.83599)","(26.70139, 80.90108)",6.63,2025-03-01 22:34:05,Pending
ORD_348,"(26.54596, 80.68371)","(26.84214, 81.17103)",8.26,2025-03-01 07:23:11,Pending
ORD_349,"(27.0076, 80.50572)","(26.78514, 81.0099)",7.86,2025-03-01 10:18:31,Pending
ORD_350,"(26.55512, 80.79116)","(27.08557, 80.73002)",1.82,2025-03-01 06:41:04,Pending
ORD_351,"(26.72111, 80.81502)","(27.00009, 80.9486)",1.21,2025-03-01 16:59:36,Pending
ORD_352,"(26.99109, 80.90833)","(27.02026, 80.68163)",2.32,2025-03-01 08:12:55,Pending
ORD_353,"(26.55721, 80.56401)","(26.96097, 80.76152)",4.51,2025-03-01 11:51:31,Pending
ORD_354,"(26.60571, 80.58244)","(27.16524, 80.92775)",8.12,2025-03-01 16:00:23,Pending
ORD_355,"(26.9285, 81.10098)","(26.93099, 81.12482)",1.93,2025-03-01 17:56:42,Pending
ORD_356,"(26.6027, 81.14187)","(26.88318, 81.07877)",2.52,2025-03-01 19:35:12,Pending
ORD_357,"(26.6643, 80.87756)","(26.98211, 81.11254)",2.11,2025-03-01 13:32:27,Pending
ORD_358,"(27.04785, 80.81756)","(26.82324, 80.65815)",7.63,2025-03-01 16:33:02,Pending
ORD_359,"(26.76761, 81.15627)","(26.89698, 80.68601)",8.74,2025-03-01 20:35:10,Pending
ORD_360,"(26.69731, 80.85082)","(26.8871, 80.52245)",7.05,2025-03-01 04:38:05,Pending
ORD_361,"(26.99549, 80.71557)","(26.96861, 80.88667)",7.08,2025-03-01 22:28:08,Pending
ORD_362,"(26.98222, 81.16032)","(26.59853, 80.54049)",8.46,2025-03-01 20:48:54,Pending
ORD_363,"(26.61062, 80.91937)","(26.6685, 81.15937)",3.38,2025-03-01 18:37:55,Pending
ORD_364,"(26.84472, 80.81612)","(27.1179, 80.91907)",8.85,2025-03-01 15:49:55,Pending
ORD_365,"(26.62721, 80.62787)","(26.81592, 80.92347)",4.32,2025-03-01 08:27:36,Pending
ORD_366,"(26.59768, 80.52946)","(26.69667, 80.92925)",1.38,2025-03-01 07:14:44,Pending
ORD_367,"(26.9278, 80.98012)","(26.99648, 81.02795)",2.32,2025-03-01 18:00:53,Pending
ORD_368,"(26.93997, 80.9872)","(26.75421, 80.83204)",2.74,2025-03-01 09:59:45,Pending
ORD_369,"(26.64965, 80.9393)","(26.58287, 81.12067)",8.78,2025-03-01 20:11:04,Pending
ORD_370,"(26.50298, 80.86841)","(26.5819, 80.9598)",4.78,2025-03-01 23:08:31,Pending
ORD_371,"(27.12719, 80.68439)","(26.99567, 80.51077)",3.97,2025-03-01 16:44:29,Pending
ORD_372,"(26.74426, 80.73242)","(26.69502, 80.70438)",4.34,2025-03-01 18:17:29,Pending
ORD_373,"(27.1461, 80.93048)","(27.05745, 81.06298)",1.66,2025-03-01 17:08:17,Pending
ORD_374,"(26.96848, 80.92633)","(27.08725, 81.16172)",1.63,2025-03-01 00:40:55,Pending
ORD_375,"(26.64831, 80.65098)","(26.64598, 80.55781)",3.46,2025-03-01 20:52:12,Pending
ORD_376,"(26.58704, 81.00166)","(27.06547, 80.83059)",4.88,2025-03-01 01:34:38,Pending
ORD_377,"(26.95335, 81.17044)","(27.10263, 80.63823)",1.7,2025-03-01 02:34:14,Pending
ORD_378,"(26.67696, 80.82246)","(26.81916, 80.61922)",9.42,2025-03-01 20:45:17,Pending
ORD_379,"(26.73204, 80.59872)","(26.67943, 80.84564)",8.32,2025-03-01 03:09:32,Pending
ORD_380,"(27.06093, 81.08458)","(27.14853, 80.68383)",6.36,2025-03-01 17:33:59,Pending
ORD_381,"(26.60732, 81.07935)","(26.87977, 80.61594)",6.71,2025-03-01 13:38:11,Pending
ORD_382,"(26.55354, 80.54459)","(26.83882, 80.74412)",5.48,2025-03-01 17:38:18,Pending
ORD_383,"(27.05393, 81.13264)","(26.82108, 80.93519)",6.48,2025-03-01 08:53:48,Pending
ORD_384,"(26.58234, 80.56866)","(26.91194, 81.12615)",9.35,2025-03-01 01:27:37,Pending
ORD_385,"(26.82298, 80.89599)","(27.1063, 80.86656)",6.01,2025-03-01 23:25:35,Pending
ORD_386,"(26.78873, 80.72601)","(26.6026, 80.90157)",9.36,2025-03-01 19:13:49,Pending
ORD_387,"(26.54928, 80.94448)","(26.65486, 80.87901)",6.89,2025-03-01 07:21:59,Pending
ORD_388,"(26.71987, 80.55449)","(26.71819, 80.93727)",4.19,2025-03-01 07:04:46,Pending
ORD_389,"(27.14936, 80.90552)","(26.79712, 80.5606)",3.25,2025-03-01 19:21:27,Pending
ORD_390,"(27.08717, 80.84364)","(26.96605, 80.81049)",6.58,2025-03-01 07:50:21,Pending
ORD_391,"(26.8175, 81.18097)","(26.9326, 81.20416)",5.0,2025-03-01 08:41:26,Pending
ORD_392,"(26.78035, 80.5527)","(27.04039, 80.51333)",3.39,2025-03-01 13:54:51,Pending
ORD_393,"(27.16887, 80.59682)","(26.98354, 80.50166)",2.1,2025-03-01 05:42:48,Pending
ORD_394,"(26.54342, 80.51098)","(26.73474, 80.88366)",5.59,2025-03-01 06:24:42,Pending
ORD_395,"(26.97283, 80.60522)","(26.87384, 80.72564)",7.13,2025-03-01 22:36:14,Pending
ORD_396,"(27.10982, 80.75705)","(26.51146, 80.82424)",7.91,2025-03-01 17:42:19,Pending
ORD_397,"(26.84054, 81.09889)","(27.08895, 81.06345)",3.08,2025-03-01 18:47:42,Pending
ORD_398,"(27.0703, 80.87067)","(26.89463, 80.54614)",3.36,2025-03-02 00:21:06,Pending
ORD_399,"(26.94962, 80.6652)","(26.81905, 80.63028)",5.95,2025-03-01 00:52:38,Pending
ORD_400,"(26.91638, 80.68162)","(27.14231, 80.6702)",4.95,2025-03-01 06:05:05,Pending
ORD_401,"(26.92977, 81.08817)","(27.14951, 80.91483)",6.05,2025-03-01 07:37:22,Pending
ORD_402,"(26.5285, 80.7219)","(26.72945, 80.66177)",9.0,2025-03-01 22:33:23,Pending
ORD_403,"(26.90187, 80.85525)","(26.63789, 80.8391)",3.28,2025-03-01 02:32:20,Pending
ORD_404,"(26.80416, 80.55217)","(27.10151, 80.60986)",2.35,2025-03-01 19:04:00,Pending
ORD_405,"(27.10461, 80.52472)","(26.78289, 80.74603)",8.22,2025-03-01 23:38:45,Pending
ORD_406,"(26.82369, 80.84486)","(27.13563, 80.6562)",2.37,2025-03-01 08:11:03,Pending
ORD_407,"(27.03697, 81.17254)","(26.99482, 80.70232)",2.72,2025-03-01 12:35:25,Pending
ORD_408,"(26.68024, 81.10322)","(26.52137, 80.66606)",2.35,2025-03-01 01:08:29,Pending
ORD_409,"(26.55095, 81.13587)","(27.15734, 80.83055)",6.4,2025-03-01 05:35:10,Pending
ORD_410,"(26.61068, 81.15536)","(27.05964, 81.20116)",7.59,2025-03-01 04:09:53,Pending
ORD_411,"(26.74799, 81.04328)","(26.67813, 81.07101)",7.62,2025-03-01 06:42:51,Pending
ORD_412,"(26.63882, 80.7342)","(26.70543, 80.56896)",4.47,2025-03-01 12:51:51,Pending
ORD_413,"(27.0599, 81.17748)","(26.72938, 81.12706)",6.5,2025-03-01 07:06:46,Pending
ORD_414,"(27.16643, 81.02259)","(27.07839, 80.75296)",4.94,2025-03-01 18:28:03,Pending
ORD_415,"(26.87016, 80.8784)","(26.57692, 81.18888)",7.49,2025-03-01 12:12:34,Pending
ORD_416,"(26.82195, 81.12232)","(26.9834, 81.10553)",6.44,2025-03-01 08:17:24,Pending
ORD_417,"(26.69901, 80.73832)","(26.76091, 80.95008)",8.86,2025-03-01 11:45:11,Pending
ORD_418,"(27.02973, 81.138)","(26.87846, 80.89955)",7.09,2025-03-01 21:16:47,Pending
ORD_419,"(26.63676, 80.78232)","(26.71602, 80.98772)",6.62,2025-03-01 11:53:41,Pending
ORD_420,"(27.06842, 81.13833)","(26.85551, 81.06442)",5.22,2025-03-01 07:30:22,Pending
ORD_421,"(26.54448, 80.69087)","(26.5936, 81.16908)",7.33,2025-03-01 15:49:05,Pending
ORD_422,"(26.82175, 81.00008)","(27.10561, 80.65202)",1.4,2025-03-01 14:50:07,Pending
ORD_423,"(26.88641, 80.52294)","(26.66655, 81.1713)",1.59,2025-03-01 04:58:19,Pending
ORD_424,"(27.14531, 80.75106)","(26.76274, 80.8148)",9.41,2025-03-01 07:16:29,Pending
ORD_425,"(26.61676, 81.15752)","(26.58875, 80.94557)",7.47,2025-03-01 15:42:57,Pending
ORD_426,"(26.99828, 80.8879)","(26.58214, 80.54838)",9.94,2025-03-01 09:56:04,Pending
ORD_427,"(26.87762, 80.53589)","(27.07529, 80.77863)",4.25,2025-03-01 13:30:32,Pending
ORD_428,"(27.10077, 81.14915)","(26.78096, 81.09808)",5.91,2025-03-01 03:52:41,Pending
ORD_429,"(27.02048, 81.21886)","(26.66942, 81.1347)",9.75,2025-03-01 21:32:09,Pending
ORD_430,"(26.97056, 80.96192)","(26.67905, 80.57033)",4.97,2025-03-01 04:04:39,Pending
ORD_431,"(27.16376, 80.82817)","(27.10717, 80.66539)",6.34,2025-03-01 09:13:22,Pending
ORD_432,"(26.61601, 80.86701)","(27.06266, 80.9573)",3.16,2025-03-01 12:08:08,Pending
ORD_433,"(27.08048, 80.95025)","(26.52082, 80.52795)",1.81,2025-03-01 02:23:15,Pending
ORD_434,"(26.83719, 80.66528)","(27.04855, 80.99978)",6.23,2025-03-01 10:21:31,Pending
ORD_435,"(26.64575, 80.8865)","(27.13319, 80.57379)",3.13,2025-03-01 18:11:59,Pending
ORD_436,"(27.01638, 80.64259)","(26.97926, 80.99761)",9.81,2025-03-01 03:21:02,Pending
ORD_437,"(26.9647, 80.79881)","(26.62121, 80.66252)",3.75,2025-03-01 15:18:40,Pending
ORD_438,"(26.59603, 81.20877)","(26.69356, 81.10529)",8.72,2025-03-01 03:55:19,Pending
ORD_439,"(26.52769, 80.54504)","(27.13577, 81.21725)",2.84,2025-03-01 12:34:27,Pending
ORD_440,"(27.07031, 81.11249)","(26.67629, 80.67439)",2.26,2025-03-01 23:58:39,Pending
ORD_441,"(26.74558, 80.90484)","(27.09581, 80.562)",6.74,2025-03-01 12:18:12,Pending
ORD_442,"(26.6933, 81.03385)","(26.66393, 80.93629)",5.28,2025-03-01 15:04:01,Pending
ORD_443,"(27.11809, 80.50413)","(26.74689, 80.69676)",9.06,2025-03-01 10:56:47,Pending
ORD_444,"(26.83112, 81.09616)","(26.61324, 81.15362)",6.52,2025-03-01 18:01:33,Pending
ORD_445,"(26.76088, 80.8729)","(27.12518, 81.15401)",6.2,2025-03-01 15:49:54,Pending
ORD_446,"(26.61559, 81.06746)","(26.73981, 80.50869)",1.03,2025-03-01 11:18:10,Pending
ORD_447,"(26.98654, 80.52107)","(26.87082, 81.18656)",8.22,2025-03-01 19:21:02,Pending
ORD_448,"(26.54262, 80.50797)","(27.07728, 80.82077)",5.63,2025-03-01 17:30:43,Pending
ORD_449,"(26.65843, 80.62301)","(26.78241, 80.55435)",9.66,2025-03-01 01:04:59,Pending
ORD_450,"(26.97948, 81.19059)","(27.04433, 80.523)",2.15,2025-03-01 12:43:50,Pending
ORD_451,"(27.14382, 80.56951)","(26.69647, 80.87603)",3.16,2025-03-01 06:13:56,Pending
ORD_452,"(26.94441, 80.62016)","(26.52507, 80.95035)",8.77,2025-03-01 11:19:30,Pending
ORD_453,"(26.98703, 81.01246)","(27.08178, 80.94596)",2.99,2025-03-01 13:37:45,Pending
ORD_454,"(26.59624, 80.69271)","(26.88069, 81.18664)",2.19,2025-03-01 21:41:16,Pending
ORD_455,"(26.75801, 81.03793)","(26.66842, 80.83579)",3.48,2025-03-01 00:35:09,Pending
ORD_456,"(27.08161, 80.82688)","(26.87656, 81.14484)",8.16,2025-03-01 08:13:14,Pending
ORD_457,"(26.99407, 80.68744)","(26.51188, 80.84825)",8.77,2025-03-01 18:47:25,Pending
ORD_458,"(26.6984, 80.93422)","(26.98262, 80.84316)",3.23,2025-03-01 11:09:51,Pending
ORD_459,"(27.11504, 80.61232)","(26.85457, 80.79021)",1.02,2025-03-01 19:03:11,Pending
ORD_460,"(26.82284, 80.89508)","(27.05421, 80.83393)",4.93,2025-03-01 10:05:12,Pending
ORD_461,"(26.52388, 80.5372)","(26.69203, 80.80049)",4.36,2025-03-01 17:56:27,Pending
ORD_462,"(26.84502, 81.03167)","(26.528, 80.61874)",2.51,2025-03-01 13:25:33,Pending
ORD_463,"(26.84951, 81.05922)","(26.95865, 81.15259)",6.55,2025-03-01 08:04:11,Pending
ORD_464,"(26.8649, 80.65172)","(26.78631, 80.91981)",5.49,2025-03-01 18:32:51,Pending
ORD_465,"(26.88579, 80.74648)","(26.61824, 80.62382)",5.34,2025-03-01 02:17:21,Pending
ORD_466,"(26.6458, 80.86349)","(26.50147, 81.01197)",6.65,2025-03-01 17:25:14,Pending
ORD_467,"(27.04319, 81.15332)","(26.65594, 80.91724)",6.29,2025-03-01 05:33:04,Pending
ORD_468,"(27.03984, 80.94726)","(27.03011, 80.8058)",4.43,2025-03-01 10:33:17,Pending
ORD_469,"(27.03455, 80.62735)","(27.0802, 81.17668)",1.27,2025-03-01 19:28:42,Pending
ORD_470,"(26.71871, 80.90029)","(26.50694, 81.07865)",7.84,2025-03-01 21:45:48,Pending
ORD_471,"(26.72086, 81.01415)","(26.99942, 80.95717)",7.43,2025-03-01 20:23:08,Pending
ORD_472,"(26.77426, 80.95788)","(26.68281, 80.80202)",7.27,2025-03-01 18:07:50,Pending
ORD_473,"(26.75183, 81.06436)","(26.89038, 80.95787)",3.3,2025-03-01 07:49:40,Pending
ORD_474,"(26.72603, 80.71576)","(26.69597, 80.5613)",4.71,2025-03-01 02:02:44,Pending
ORD_475,"(26.89362, 80.89527)","(27.11042, 81.00342)",3.61,2025-03-01 14:41:42,Pending
ORD_476,"(27.02279, 80.50656)","(26.93159, 80.66676)",1.84,2025-03-01 16:30:13,Pending
ORD_477,"(26.98652, 80.62742)","(27.02107, 80.50125)",5.83,2025-03-01 17:00:49,Pending
ORD_478,"(27.0621, 81.21995)","(26.85819, 80.80831)",8.23,2025-03-01 12:20:51,Pending
ORD_479,"(26.60962, 80.8033)","(26.93303, 81.15411)",3.57,2025-03-01 19:59:32,Pending
ORD_480,"(26.96796, 80.79235)","(26.56381, 81.14986)",2.1,2025-03-01 02:13:38,Pending
ORD_481,"(26.68685, 81.02807)","(26.81811, 80.95777)",4.33,2025-03-01 20:54:33,Pending
ORD_482,"(26.88734, 80.76717)","(26.64938, 81.17508)",3.19,2025-03-02 00:20:07,Pending
ORD_483,"(26.85876, 80.51433)","(26.5271, 80.81506)",7.76,2025-03-01 22:20:40,Pending
ORD_484,"(26.89708, 80.51535)","(27.16825, 81.03711)",7.85,2025-03-01 02:07:25,Pending
ORD_485,"(26.91898, 81.21413)","(27.11788, 80.94185)",7.83,2025-03-01 04:48:41,Pending
ORD_486,"(27.0292, 81.0071)","(27.00824, 80.70536)",7.16,2025-03-01 05:50:02,Pending
ORD_487,"(27.10866, 80.51109)","(26.53037, 80.76266)",8.56,2025-03-01 13:26:05,Pending
ORD_488,"(26.69797, 80.99918)","(27.006, 80.63527)",5.84,2025-03-01 08:25:33,Pending
ORD_489,"(26.7018, 80.51211)","(26.67396, 80.91418)",1.29,2025-03-01 18:18:27,Pending
ORD_490,"(26.5079, 81.01094)","(26.74432, 80.65482)",8.73,2025-03-01 23:11:20,Pending
ORD_491,"(26.91938, 81.1266)","(26.86035, 80.98254)",7.75,2025-03-01 08:14:36,Pending
ORD_492,"(27.10139, 80.71785)","(26.98906, 80.98928)",7.53,2025-03-01 21:57:01,Pending
ORD_493,"(26.59894, 80.83904)","(27.15739, 80.66999)",1.09,2025-03-01 19:07:52,Pending
ORD_494,"(27.08086, 81.04937)","(27.07816, 80.69377)",7.01,2025-03-01 13:40:29,Pending
ORD_495,"(26.81603, 81.20779)","(27.15425, 80.6469)",9.79,2025-03-01 11:43:38,Pending
ORD_496,"(26.82413, 81.0659)","(27.0851, 80.67498)",7.25,2025-03-01 11:47:31,Pending
ORD_497,"(26.56293, 80.65147)","(26.68078, 80.5179)",1.54,2025-03-01 17:08:44,Pending
ORD_498,"(27.06256, 80.63708)","(26.77055, 80.61078)",6.17,2025-03-01 23:52:29,Pending
ORD_499,"(27.05272, 80.76863)","(27.02364, 80.5406)",7.35,2025-03-01 12:07:44,Pending
ORD_500,"(26.89224, 81.04318)","(26.98451, 80.70273)",4.6,2025-03-01 08:35:50,Pending
ORD_501,"(26.87797, 80.86877)","(27.10863, 80.7725)",2.04,2025-03-01 14:46:50,Pending
ORD_502,"(26.8958, 80.8365)","(27.15969, 80.91705)",3.37,2025-03-01 23:45:35,Pending
ORD_503,"(26.67651, 80.68402)","(26.67051, 81.03869)",3.33,2025-03-01 05:29:26,Pending
ORD_504,"(26.79131, 80.77624)","(26.70424, 81.19556)",4.86,2025-03-01 22:35:47,Pending
ORD_505,"(26.61756, 80.98782)","(26.69653, 81.00373)",5.6,2025-03-01 01:58:36,Pending
ORD_506,"(26.58114, 80.84955)","(26.89783, 80.50642)",7.01,2025-03-01 11:41:41,Pending
ORD_507,"(26.92214, 80.6261)","(26.9339, 80.50204)",6.62,2025-03-01 09:58:29,Pending
ORD_508,"(27.08812, 80.92797)","(26.87381, 81.20643)",2.78,2025-03-01 12:23:06,Pending
ORD_509,"(26.62343, 81.15438)","(27.00362, 81.0223)",4.79,2025-03-01 15:12:00,Pending
ORD_510,"(26.88896, 80.62977)","(26.56967, 80.81196)",1.05,2025-03-01 22:31:23,Pending
ORD_511,"(26.71306, 80.98666)","(26.76075, 80.85521)",1.25,2025-03-01 17:03:51,Pending
ORD_512,"(26.85389, 80.57689)","(27.13603, 81.12157)",9.44,2025-03-01 21:08:30,Pending
ORD_513,"(26.95483, 81.13738)","(26.84045, 80.52914)",2.88,2025-03-01 15:13:14,Pending
ORD_514,"(26.95879, 80.60931)","(26.54674, 80.80615)",9.24,2025-03-01 05:52:16,Pending
ORD_515,"(26.85678, 80.7045)","(27.07585, 80.66429)",8.05,2025-03-01 10:00:15,Pending
ORD_516,"(26.84078, 80.59782)","(26.63866, 81.0816)",8.2,2025-03-01 09:04:35,Pending
ORD_517,"(26.50103, 80.74343)","(26.64127, 80.63124)",2.82,2025-03-01 05:13:29,Pending
ORD_518,"(27.02538, 81.14657)","(27.03011, 80.81555)",1.2,2025-03-01 05:20:32,Pending
ORD_519,"(26.99782, 81.09379)","(26.71324, 80.99235)",4.29,2025-03-01 08:19:44,Pending
ORD_520,"(26.52584, 80.73771)","(26.87873, 80.82949)",6.0,2025-03-01 12:35:59,Pending
ORD_521,"(27.11639, 80.80253)","(26.53073, 81.14509)",3.86,2025-03-01 01:29:10,Pending
ORD_522,"(26.80918, 80.59242)","(26.54231, 80.67443)",5.17,2025-03-01 22:54:36,Pending
ORD_523,"(27.16458, 81.1794)","(26.60147, 80.75041)",3.42,2025-03-01 13:04:58,Pending
ORD_524,"(26.54535, 80.98267)","(26.8141, 80.93861)",5.12,2025-03-01 10:39:22,Pending
ORD_525,"(26.84076, 80.74909)","(26.53803, 80.89011)",8.39,2025-03-01 18:39:24,Pending
ORD_526,"(26.58886, 80.92503)","(26.71463, 80.91469)",8.04,2025-03-01 23:16:46,Pending
ORD_527,"(26.75086, 81.04963)","(26.66737, 80.71232)",4.09,2025-03-01 13:37:49,Pending
ORD_528,"(27.02354, 80.80164)","(26.6062, 80.55487)",1.56,2025-03-01 02:19:59,Pending
ORD_529,"(26.75444, 80.5734)","(27.15393, 80.61939)",2.17,2025-03-01 08:47:47,Pending
ORD_530,"(26.93985, 80.53834)","(26.57307, 81.09247)",3.51,2025-03-01 08:31:21,Pending
ORD_531,"(26.63205, 80.97655)","(27.09372, 80.90278)",4.36,2025-03-01 11:44:10,Pending
ORD_532,"(26.90174, 81.12418)","(26.72804, 80.80111)",8.41,2025-03-01 03:00:55,Pending
ORD_533,"(26.73555, 81.17929)","(26.82778, 80.65742)",8.59,2025-03-01 04:43:05,Pending
ORD_534,"(26.66187, 80.99894)","(26.52702, 80.64658)",3.48,2025-03-01 03:47:53,Pending
ORD_535,"(26.82539, 80.96683)","(26.59838, 80.57088)",9.3,2025-03-01 01:18:46,Pending
ORD_536,"(27.01395, 80.9841)","(26.71364, 81.18395)",8.69,2025-03-01 12:42:04,Pending
ORD_537,"(26.95754, 81.1301)","(27.10829, 80.75938)",9.09,2025-03-01 16:00:01,Pending
ORD_538,"(27.1608, 80.61809)","(27.11227, 80.53264)",4.2,2025-03-01 09:09:07,Pending
ORD_539,"(27.05329, 80.75451)","(27.05643, 80.6522)",5.72,2025-03-01 14:10:06,Pending
ORD_540,"(27.08485, 80.55358)","(26.68393, 80.87563)",5.61,2025-03-01 01:24:17,Pending
ORD_541,"(27.07905, 80.91768)","(26.54384, 80.62045)",2.02,2025-03-01 20:22:19,Pending
ORD_542,"(27.05052, 80.50868)","(26.56518, 81.19077)",3.04,2025-03-01 07:56:47,Pending
ORD_543,"(27.16685, 80.57754)","(27.07315, 80.98335)",6.5,2025-03-01 23:14:36,Pending
ORD_544,"(26.56195, 80.79811)","(26.69448, 80.971)",7.45,2025-03-01 09:46:34,Pending
ORD_545,"(26.97916, 80.83582)","(27.01205, 80.56981)",1.71,2025-03-01 16:41:27,Pending
ORD_546,"(26.56109, 81.19559)","(26.73631, 80.52221)",6.11,2025-03-01 01:29:49,Pending
ORD_547,"(26.70197, 81.16939)","(26.68667, 80.70422)",3.36,2025-03-01 22:22:35,Pending
ORD_548,"(27.15791, 80.61901)","(26.82495, 80.81117)",4.39,2025-03-01 06:30:26,Pending
ORD_549,"(26.87832, 81.04345)","(26.76674, 80.83683)",5.49,2025-03-01 22:37:37,Pending
ORD_550,"(27.01779, 81.07873)","(26.61611, 80.81126)",3.39,2025-03-01 21:15:04,Pending
ORD_551,"(26.83077, 80.50782)","(26.87693, 80.89316)",1.05,2025-03-01 22:42:04,Pending
ORD_552,"(26.78745, 81.13449)","(27.1677, 81.05789)",5.87,2025-03-01 17:55:19,Pending
ORD_553,"(26.56255, 81.08335)","(27.05645, 80.89285)",9.69,2025-03-01 04:33:37,Pending
ORD_554,"(27.01882, 80.86281)","(26.70336, 80.95739)",1.67,2025-03-01 17:13:03,Pending
ORD_555,"(27.00592, 80.88744)","(27.11857, 80.57344)",8.38,2025-03-01 04:08:54,Pending
ORD_556,"(26.958, 81.20377)","(27.08025, 80.80537)",1.42,2025-03-01 01:12:55,Pending
ORD_557,"(26.62653, 80.9058)","(26.56087, 81.15115)",5.63,2025-03-01 15:32:52,Pending
ORD_558,"(27.02783, 81.1138)","(26.65523, 81.01552)",2.0,2025-03-01 17:02:21,Pending
ORD_559,"(27.10299, 80.56551)","(26.98145, 80.56436)",1.2,2025-03-01 09:46:05,Pending
ORD_560,"(26.8556, 80.93448)","(26.8811, 80.66829)",3.47,2025-03-01 20:19:08,Pending
ORD_561,"(27.0708, 80.87828)","(27.13637, 80.66702)",1.25,2025-03-01 18:46:46,Pending
ORD_562,"(26.581, 80.63228)","(26.65569, 80.85828)",5.16,2025-03-01 09:39:04,Pending
ORD_563,"(26.972, 80.72642)","(26.64837, 80.96)",9.55,2025-03-01 21:32:49,Pending
ORD_564,"(26.90096, 81.05222)","(26.62683, 80.53052)",9.75,2025-03-01 10:07:44,Pending
ORD_565,"(26.73818, 80.935)","(26.72736, 80.83119)",3.18,2025-03-01 16:35:30,Pending
ORD_566,"(27.07918, 80.99552)","(26.67582, 80.97089)",8.68,2025-03-01 08:43:35,Pending
ORD_567,"(26.72253, 80.601)","(26.76025, 81.21327)",2.7,2025-03-01 22:58:00,Pending
ORD_568,"(26.79668, 80.67124)","(26.99351, 81.21387)",7.44,2025-03-01 09:42:49,Pending
ORD_569,"(26.83332, 80.75825)","(26.99604, 80.94625)",9.69,2025-03-01 15:41:27,Pending
ORD_570,"(26.91497, 80.80043)","(27.02883, 80.67903)",6.19,2025-03-01 17:13:45,Pending
ORD_571,"(27.15846, 80.62098)","(27.09176, 80.59649)",6.43,2025-03-01 03:46:16,Pending
ORD_572,"(26.63342, 80.99071)","(26.51259, 80.8312)",7.31,2025-03-01 10:12:13,Pending
ORD_573,"(26.97375, 81.16651)","(26.5981, 81.15162)",1.84,2025-03-01 03:22:48,Pending
ORD_574,"(27.16129, 80.9774)","(26.8894, 80.92863)",8.53,2025-03-01 05:12:31,Pending
ORD_575,"(26.63262, 81.11205)","(26.89136, 81.19485)",8.34,2025-03-01 01:20:53,Pending
ORD_576,"(26.60372, 80.60228)","(26.69744, 80.79057)",3.7,2025-03-01 16:01:52,Pending
ORD_577,"(26.69648, 80.90404)","(27.1234, 80.77004)",8.42,2025-03-01 14:41:54,Pending
ORD_578,"(27.04287, 80.66163)","(27.07344, 81.12297)",9.57,2025-03-01 11:35:43,Pending
ORD_579,"(27.02205, 81.17843)","(26.61746, 80.91191)",9.95,2025-03-01 19:21:05,Pending
ORD_580,"(26.81105, 80.63815)","(26.98778, 81.11032)",5.72,2025-03-01 11:29:55,Pending
ORD_581,"(27.10146, 80.60955)","(26.85878, 80.79134)",1.56,2025-03-01 19:28:28,Pending
ORD_582,"(26.91706, 80.55285)","(26.52, 80.71751)",5.99,2025-03-01 09:18:53,Pending
ORD_583,"(26.53841, 80.60238)","(26.56482, 81.21128)",9.56,2025-03-01 01:47:28,Pending
ORD_584,"(26.94679, 80.68442)","(27.09352, 80.89876)",9.42,2025-03-01 23:37:43,Pending
ORD_585,"(26.91386, 81.20405)","(26.62401, 80.86107)",4.78,2025-03-01 21:44:44,Pending
ORD_586,"(26.87766, 80.93636)","(26.58199, 80.63029)",8.76,2025-03-01 04:20:48,Pending
ORD_587,"(26.58521, 80.81318)","(26.72589, 80.55549)",3.68,2025-03-01 16:45:40,Pending
ORD_588,"(26.6615, 81.06431)","(26.61615, 80.52881)",8.43,2025-03-01 12:31:55,Pending
ORD_589,"(26.80391, 81.18791)","(26.50279, 81.19519)",4.5,2025-03-01 04:27:10,Pending
ORD_590,"(26.52177, 80.95399)","(27.03358, 80.75435)",7.69,2025-03-02 00:12:45,Pending
ORD_591,"(26.91983, 80.85363)","(27.04041, 81.11289)",2.51,2025-03-01 23:44:22,Pending
ORD_592,"(26.75711, 80.82244)","(26.8213, 81.08918)",8.75,2025-03-01 05:34:59,Pending
ORD_593,"(26.66613, 81.17007)","(26.6457, 80.98608)",7.69,2025-03-01 11:13:08,Pending
ORD_594,"(26.82922, 80.88285)","(27.00653, 80.59793)",9.33,2025-03-01 16:13:34,Pending
ORD_595,"(26.60859, 80.57199)","(26.52208, 80.98133)",4.6,2025-03-01 22:11:48,Pending
ORD_596,"(26.55305, 80.54256)","(26.90065, 80.74834)",5.85,2025-03-01 05:23:56,Pending
ORD_597,"(26.57176, 80.78343)","(27.01609, 80.88185)",9.49,2025-03-01 03:37:38,Pending
ORD_598,"(26.53179, 81.18323)","(26.6882, 81.01467)",3.01,2025-03-01 11:36:22,Pending
ORD_599,"(26.7867, 81.18163)","(27.01377, 80.98874)",2.02,2025-03-01 08:20:42,Pending
ORD_600,"(26.7263, 80.75626)","(27.15285, 81.0997)",6.98,2025-03-01 11:36:47,Pending
ORD_601,"(26.67489, 80.66261)","(26.92145, 81.18118)",1.85,2025-03-01 22:02:53,Pending
ORD_602,"(26.55889, 80.52693)","(26.97913, 81.20838)",6.91,2025-03-01 05:16:16,Pending
ORD_603,"(27.01575, 80.55944)","(26.65412, 80.84711)",7.86,2025-03-01 11:54:36,Pending
ORD_604,"(26.85447, 81.08591)","(27.08451, 81.07797)",5.52,2025-03-01 16:29:49,Pending
ORD_605,"(26.80373, 81.02376)","(26.85394, 81.01843)",4.69,2025-03-01 04:48:08,Pending
ORD_606,"(26.73928, 80.84007)","(26.78196, 80.87629)",8.35,2025-03-01 19:38:10,Pending
ORD_607,"(26.58815, 80.70965)","(26.53413, 81.08841)",7.99,2025-03-01 19:05:50,Pending
ORD_608,"(27.02587, 81.04059)","(26.51919, 80.56658)",5.15,2025-03-01 00:42:58,Pending
ORD_609,"(27.04756, 80.90787)","(26.61074, 80.71506)",3.34,2025-03-01 05:10:11,Pending
ORD_610,"(26.5507, 80.74323)","(26.73787, 81.04973)",1.27,2025-03-01 19:23:50,Pending
ORD_611,"(27.15877, 80.98495)","(26.54716, 80.65705)",2.67,2025-03-01 16:23:36,Pending
ORD_612,"(27.10005, 81.14987)","(26.74526, 81.13825)",5.89,2025-03-01 23:32:15,Pending
ORD_613,"(26.57552, 80.69862)","(26.99154, 80.81163)",1.22,2025-03-01 20:09:39,Pending
ORD_614,"(26.78807, 80.67533)","(26.91114, 80.68015)",9.02,2025-03-01 16:54:31,Pending
ORD_615,"(26.51522, 81.19684)","(26.76259, 81.06646)",4.34,2025-03-01 14:56:46,Pending
ORD_616,"(27.09007, 80.64073)","(26.62906, 80.77821)",4.34,2025-03-01 16:31:41,Pending
ORD_617,"(26.90413, 80.86842)","(27.1485, 80.71136)",3.04,2025-03-01 05:48:55,Pending
ORD_618,"(26.59121, 81.05823)","(27.01468, 80.77118)",7.8,2025-03-01 19:13:44,Pending
ORD_619,"(26.52082, 80.97462)","(26.91086, 80.74633)",2.95,2025-03-01 03:28:02,Pending
ORD_620,"(27.07307, 80.87308)","(26.72659, 80.85414)",7.62,2025-03-01 20:51:01,Pending
ORD_621,"(26.86799, 80.87484)","(26.8734, 80.507)",9.7,2025-03-01 12:26:34,Pending
ORD_622,"(26.95511, 80.9603)","(27.13339, 80.94688)",2.4,2025-03-01 01:22:29,Pending
ORD_623,"(27.15792, 80.70346)","(26.65412, 81.19544)",1.41,2025-03-01 18:01:43,Pending
ORD_624,"(27.09109, 81.01086)","(26.87086, 81.0449)",7.64,2025-03-01 03:00:07,Pending
ORD_625,"(26.96791, 80.8751)","(27.00106, 80.78993)",5.65,2025-03-01 11:09:32,Pending
ORD_626,"(27.09653, 81.12629)","(26.75124, 80.9707)",8.84,2025-03-01 11:06:53,Pending
ORD_627,"(26.68037, 80.76494)","(26.53258, 81.19778)",4.43,2025-03-01 17:09:04,Pending
ORD_628,"(26.69301, 81.00981)","(26.75894, 81.14181)",3.25,2025-03-01 01:06:33,Pending
ORD_629,"(27.06007, 81.12036)","(26.72696, 81.01838)",5.74,2025-03-01 18:27:43,Pending
ORD_630,"(26.54671, 80.70628)","(26.66335, 81.02756)",6.1,2025-03-01 23:01:37,Pending
ORD_631,"(27.01072, 80.93696)","(26.82202, 80.6254)",5.49,2025-03-01 07:44:52,Pending
ORD_632,"(26.85958, 80.728)","(27.0849, 80.9899)",1.08,2025-03-01 01:10:54,Pending
ORD_633,"(26.64324, 80.82989)","(26.70287, 80.70952)",3.18,2025-03-01 22:03:41,Pending
ORD_634,"(27.04107, 80.62607)","(27.05259, 80.61533)",3.19,2025-03-01 07:54:23,Pending
ORD_635,"(26.72321, 80.96382)","(26.6361, 81.01053)",9.9,2025-03-01 21:55:00,Pending
ORD_636,"(26.94456, 80.53551)","(27.14724, 81.1318)",1.56,2025-03-01 10:02:36,Pending
ORD_637,"(26.63033, 80.75578)","(26.61644, 81.19856)",6.67,2025-03-01 16:46:25,Pending
ORD_638,"(26.5474, 80.50484)","(27.00666, 80.69054)",1.2,2025-03-01 07:25:43,Pending
ORD_639,"(26.58706, 80.51402)","(26.69749, 80.61233)",1.83,2025-03-01 13:23:21,Pending
ORD_640,"(26.95579, 80.60192)","(26.64267, 80.65013)",4.86,2025-03-01 05:11:23,Pending
ORD_641,"(26.75295, 80.52609)","(26.56568, 81.05119)",6.05,2025-03-01 06:27:50,Pending
ORD_642,"(26.62546, 80.99141)","(26.96537, 81.11825)",8.27,2025-03-01 11:29:09,Pending
ORD_643,"(26.84853, 80.73649)","(26.62778, 80.74455)",6.3,2025-03-01 14:01:13,Pending
ORD_644,"(27.11028, 81.12752)","(26.84216, 80.6905)",5.29,2025-03-01 04:09:53,Pending
ORD_645,"(26.87099, 80.92899)","(26.61396, 81.17697)",8.21,2025-03-01 10:00:06,Pending
ORD_646,"(27.00333, 81.03017)","(26.8078, 81.00266)",2.84,2025-03-01 14:56:59,Pending
ORD_647,"(26.96839, 80.67843)","(26.79497, 80.66601)",9.59,2025-03-01 13:09:28,Pending
ORD_648,"(26.65129, 80.87645)","(26.70446, 81.1311)",9.41,2025-03-01 09:11:37,Pending
ORD_649,"(26.62737, 80.8957)","(26.61663, 80.96368)",6.9,2025-03-01 12:17:34,Pending
ORD_650,"(27.15601, 80.84123)","(27.00453, 81.20876)",6.27,2025-03-01 21:15:29,Pending
ORD_651,"(26.68138, 81.11127)","(26.57077, 80.80278)",2.16,2025-03-01 13:26:21,Pending
ORD_652,"(26.89093, 81.18281)","(26.50197, 80.71419)",3.71,2025-03-01 07:03:06,Pending
ORD_653,"(27.07567, 80.93658)","(26.9441, 80.96801)",3.72,2025-03-01 09:36:12,Pending
ORD_654,"(26.65392, 80.90694)","(26.8706, 81.04336)",2.9,2025-03-01 08:36:31,Pending
ORD_655,"(27.11662, 81.02157)","(27.04926, 80.50009)",9.24,2025-03-01 08:05:01,Pending
ORD_656,"(27.04399, 80.80006)","(27.01793, 81.11926)",4.26,2025-03-01 08:58:17,Pending
ORD_657,"(26.97496, 81.11041)","(27.03812, 80.53565)",6.02,2025-03-01 00:37:31,Pending
ORD_658,"(27.08109, 81.01762)","(27.00953, 81.17496)",8.77,2025-03-01 22:44:12,Pending
ORD_659,"(26.60003, 81.14917)","(26.70738, 80.61789)",4.63,2025-03-01 19:14:31,Pending
ORD_660,"(26.99793, 81.01295)","(26.87552, 80.88671)",5.72,2025-03-01 18:25:55,Pending
ORD_661,"(26.68508, 80.75366)","(26.6315, 81.02702)",4.88,2025-03-01 20:59:17,Pending
ORD_662,"(27.09203, 81.03482)","(27.08347, 80.84022)",9.98,2025-03-01 15:50:33,Pending
ORD_663,"(26.5414, 80.98417)","(26.61327, 81.11001)",5.13,2025-03-01 04:22:33,Pending
ORD_664,"(27.02636, 80.73987)","(27.05442, 80.85967)",5.89,2025-03-01 11:28:44,Pending
ORD_665,"(26.67758, 80.92416)","(27.03615, 80.92091)",5.55,2025-03-01 06:17:56,Pending
ORD_666,"(26.95649, 80.51195)","(27.01079, 80.721)",7.82,2025-03-01 14:51:49,Pending
ORD_667,"(26.54435, 80.56726)","(27.04478, 80.93107)",7.76,2025-03-01 16:52:18,Pending
ORD_668,"(27.1491, 80.80078)","(26.87332, 80.79595)",3.28,2025-03-01 21:46:32,Pending
ORD_669,"(26.68621, 81.18014)","(26.92114, 80.86907)",5.64,2025-03-01 23:27:42,Pending
ORD_670,"(26.79503, 80.92243)","(27.02734, 80.93258)",4.88,2025-03-01 19:54:33,Pending
ORD_671,"(27.13988, 81.20579)","(27.12513, 81.19938)",6.07,2025-03-01 22:43:38,Pending
ORD_672,"(26.75251, 80.65757)","(26.96732, 80.71779)",8.44,2025-03-01 21:24:32,Pending
ORD_673,"(26.60067, 80.88406)","(26.58116, 81.15842)",9.12,2025-03-01 01:44:58,Pending
ORD_674,"(26.83491, 80.92971)","(26.98545, 80.97112)",2.16,2025-03-01 03:56:01,Pending
ORD_675,"(27.0888, 81.10027)","(27.05085, 80.74734)",8.05,2025-03-01 20:45:14,Pending
ORD_676,"(26.84987, 80.63274)","(26.5976, 81.01108)",7.44,2025-03-01 12:03:24,Pending
ORD_677,"(26.5214, 80.55586)","(26.59121, 81.18683)",6.01,2025-03-01 23:52:32,Pending
ORD_678,"(26.87402, 81.19583)","(26.51973, 80.82628)",4.71,2025-03-01 06:17:39,Pending
ORD_679,"(26.91599, 80.6455)","(26.65367, 80.95143)",4.03,2025-03-01 07:39:03,Pending
ORD_680,"(27.0809, 80.90959)","(26.64937, 81.14145)",3.33,2025-03-01 09:18:35,Pending
ORD_681,"(26.60252, 80.54679)","(26.96492, 81.01059)",9.75,2025-03-01 14:20:17,Pending
ORD_682,"(27.09848, 80.64865)","(26.50733, 81.09673)",6.57,2025-03-01 14:29:47,Pending
ORD_683,"(27.02635, 80.78545)","(27.07883, 80.78457)",1.83,2025-03-01 09:58:05,Pending
ORD_684,"(26.52647, 80.63663)","(26.81503, 80.9909)",4.28,2025-03-01 18:51:23,Pending
ORD_685,"(26.93409, 80.72905)","(27.03371, 80.8767)",2.72,2025-03-01 17:48:55,Pending
ORD_686,"(26.89315, 80.70098)","(26.50793, 80.96683)",7.99,2025-03-01 01:29:05,Pending
ORD_687,"(27.12646, 80.57458)","(26.91905, 80.56902)",3.76,2025-03-01 12:04:57,Pending
ORD_688,"(26.60104, 80.99232)","(26.74936, 81.19637)",4.38,2025-03-01 13:43:13,Pending
ORD_689,"(27.0549, 80.89394)","(26.85246, 80.71125)",6.77,2025-03-01 17:04:32,Pending
ORD_690,"(26.66072, 80.89743)","(26.78642, 80.81569)",1.7,2025-03-01 01:14:52,Pending
ORD_691,"(26.97584, 81.01953)","(27.13419, 80.71836)",9.61,2025-03-01 09:11:17,Pending
ORD_692,"(26.52249, 81.14618)","(26.51029, 80.9678)",4.59,2025-03-01 02:31:59,Pending
ORD_693,"(26.83304, 80.86519)","(27.00875, 80.81143)",4.87,2025-03-01 02:41:55,Pending
ORD_694,"(26.72656, 80.8019)","(26.81171, 80.77318)",7.54,2025-03-01 19:28:07,Pending
ORD_695,"(26.53739, 80.74743)","(26.55456, 80.84069)",7.67,2025-03-01 16:41:49,Pending
ORD_696,"(27.06727, 81.17613)","(26.88223, 80.9218)",1.53,2025-03-01 12:18:41,Pending
ORD_697,"(26.82918, 81.0704)","(26.62137, 80.78882)",1.87,2025-03-01 12:05:32,Pending
ORD_698,"(26.99395, 80.82401)","(26.85747, 80.62377)",8.48,2025-03-01 20:32:44,Pending
ORD_699,"(26.56378, 80.67276)","(26.95605, 80.75897)",5.53,2025-03-01 23:18:11,Pending
ORD_700,"(26.74971, 80.97611)","(26.96501, 80.72745)",8.55,2025-03-01 06:29:06,Pending
ORD_701,"(26.55151, 80.90364)","(27.12188, 80.5404)",4.15,2025-03-01 22:35:26,Pending
ORD_702,"(27.13739, 80.55131)","(26.64098, 80.83003)",3.27,2025-03-01 06:54:31,Pending
ORD_703,"(26.9729, 80.71102)","(26.82407, 80.79321)",8.27,2025-03-01 22:13:03,Pending
ORD_704,"(26.59093, 80.73913)","(27.03122, 80.91354)",8.59,2025-03-01 22:36:12,Pending
ORD_705,"(27.0747, 81.01105)","(26.69274, 81.1701)",7.62,2025-03-01 11:57:10,Pending
ORD_706,"(27.05824, 80.6225)","(27.05175, 80.5996)",8.09,2025-03-01 07:29:42,Pending
ORD_707,"(27.01754, 81.09146)","(27.16064, 81.05188)",3.15,2025-03-01 02:08:42,Pending
ORD_708,"(26.89683, 80.64456)","(27.07915, 80.97705)",3.48,2025-03-01 15:58:56,Pending
ORD_709,"(26.90954, 80.92127)","(26.9163, 80.99794)",6.44,2025-03-01 06:15:49,Pending
ORD_710,"(26.53662, 80.86951)","(26.92838, 80.96543)",9.68,2025-03-01 16:20:43,Pending
ORD_711,"(26.92367, 81.10841)","(26.90809, 80.9478)",4.07,2025-03-01 09:55:35,Pending
ORD_712,"(26.72214, 80.67026)","(26.67662, 80.9217)",3.44,2025-03-01 20:34:45,Pending
ORD_713,"(26.92827, 80.53325)","(27.15051, 80.52672)",4.84,2025-03-01 14:25:57,Pending
ORD_714,"(27.14422, 80.65071)","(27.05861, 81.11218)",5.1,2025-03-01 17:43:54,Pending
ORD_715,"(26.78509, 81.05007)","(26.73553, 81.17316)",1.47,2025-03-01 15:27:07,Pending
ORD_716,"(26.86123, 80.50553)","(27.02314, 80.69146)",3.23,2025-03-01 20:21:06,Pending
ORD_717,"(26.56345, 80.92896)","(26.73948, 80.58923)",8.28,2025-03-01 15:41:09,Pending
ORD_718,"(26.96209, 81.17282)","(27.14328, 80.64102)",3.07,2025-03-01 20:04:12,Pending
ORD_719,"(27.11424, 80.61423)","(27.12501, 80.50861)",8.62,2025-03-01 21:53:34,Pending
ORD_720,"(26.91537, 80.54966)","(26.86666, 81.13954)",3.11,2025-03-01 19:35:57,Pending
ORD_721,"(27.0006, 80.9109)","(26.99944, 81.21538)",4.29,2025-03-02 00:15:10,Pending
ORD_722,"(26.99638, 80.53792)","(26.82355, 80.55542)",6.12,2025-03-01 09:19:34,Pending
ORD_723,"(26.76693, 81.21515)","(26.96855, 81.04591)",6.69,2025-03-01 03:49:02,Pending
ORD_724,"(26.64945, 80.5979)","(26.6124, 80.95554)",1.7,2025-03-01 05:08:29,Pending
ORD_725,"(27.14952, 80.94139)","(26.52025, 80.93507)",5.76,2025-03-01 01:37:16,Pending
ORD_726,"(27.16834, 81.10131)","(26.75629, 80.73637)",7.23,2025-03-01 02:09:26,Pending
ORD_727,"(27.05707, 80.6586)","(27.04378, 80.97357)",3.84,2025-03-01 22:59:52,Pending
ORD_728,"(26.54546, 80.6329)","(26.95797, 80.75708)",2.83,2025-03-01 17:38:36,Pending
ORD_729,"(26.62323, 81.18757)","(27.0803, 80.58647)",3.32,2025-03-01 18:08:21,Pending
ORD_730,"(26.92528, 81.17017)","(26.9634, 80.73231)",5.87,2025-03-01 01:41:25,Pending
ORD_731,"(26.74566, 81.20335)","(26.78278, 81.058)",3.26,2025-03-01 04:08:27,Pending
ORD_732,"(26.93637, 80.81223)","(27.01199, 80.50233)",4.03,2025-03-01 17:11:13,Pending
ORD_733,"(26.87407, 81.16684)","(26.79326, 80.72978)",5.85,2025-03-01 00:52:49,Pending
ORD_734,"(26.61221, 80.61686)","(26.74437, 80.80643)",6.13,2025-03-01 01:02:08,Pending
ORD_735,"(27.15355, 80.84328)","(26.5285, 80.69199)",4.42,2025-03-01 23:02:11,Pending
ORD_736,"(26.82757, 80.5167)","(27.10232, 81.06851)",7.72,2025-03-01 17:29:58,Pending
ORD_737,"(26.83442, 80.70708)","(26.9627, 80.92343)",5.58,2025-03-01 03:05:25,Pending
ORD_738,"(26.71701, 80.8751)","(26.59828, 80.60628)",4.47,2025-03-01 17:04:03,Pending
ORD_739,"(27.11012, 80.76111)","(26.59109, 80.86886)",5.05,2025-03-01 01:18:01,Pending
ORD_740,"(26.64898, 80.9839)","(26.96716, 80.72112)",8.37,2025-03-01 18:25:43,Pending
ORD_741,"(27.12209, 80.87314)","(26.87798, 80.8347)",5.02,2025-03-01 15:52:40,Pending
ORD_742,"(26.85315, 80.73564)","(26.58178, 81.05844)",7.44,2025-03-01 19:38:26,Pending
ORD_743,"(27.11113, 80.80127)","(27.14321, 81.1666)",8.81,2025-03-01 18:18:37,Pending
ORD_744,"(27.05639, 80.63072)","(26.54128, 80.82728)",6.02,2025-03-01 17:43:39,Pending
ORD_745,"(27.08226, 80.55264)","(26.52942, 80.82795)",4.03,2025-03-01 22:39:31,Pending
ORD_746,"(26.81, 80.89365)","(26.5776, 80.79086)",6.6,2025-03-01 11:29:12,Pending
ORD_747,"(26.72139, 80.79772)","(27.02579, 80.89642)",1.17,2025-03-01 03:59:25,Pending
ORD_748,"(26.76212, 80.63545)","(26.78462, 80.6726)",4.62,2025-03-01 14:45:32,Pending
ORD_749,"(26.64952, 81.12968)","(26.92501, 81.09191)",5.99,2025-03-01 01:07:02,Pending
ORD_750,"(27.0732, 80.70389)","(26.93021, 80.58948)",1.17,2025-03-01 21:01:02,Pending
ORD_751,"(26.99403, 81.15045)","(26.61351, 80.9322)",7.38,2025-03-01 02:51:21,Pending
ORD_752,"(26.59396, 80.69069)","(27.12081, 81.17495)",2.11,2025-03-02 00:01:05,Pending
ORD_753,"(26.54914, 80.73641)","(26.78994, 80.62745)",10.0,2025-03-01 00:51:33,Pending
ORD_754,"(27.09293, 80.93584)","(26.79114, 80.51161)",8.94,2025-03-01 14:35:33,Pending
ORD_755,"(27.15407, 81.20243)","(26.62135, 81.05973)",1.14,2025-03-01 01:44:33,Pending
ORD_756,"(26.91245, 80.99882)","(26.98812, 80.76848)",4.79,2025-03-01 03:48:30,Pending
ORD_757,"(26.63938, 80.93823)","(27.04366, 80.83949)",2.49,2025-03-01 23:41:25,Pending
ORD_758,"(26.74286, 80.94034)","(26.8847, 81.119)",1.49,2025-03-01 01:24:32,Pending
ORD_759,"(26.85419, 80.982)","(26.7616, 81.12797)",3.56,2025-03-01 13:05:41,Pending
ORD_760,"(26.99061, 81.17251)","(26.7015, 80.84579)",1.04,2025-03-01 03:28:17,Pending
ORD_761,"(26.65805, 80.88725)","(27.11411, 80.63621)",3.11,2025-03-01 23:21:55,Pending
ORD_762,"(26.89204, 80.8391)","(26.58719, 80.73965)",6.62,2025-03-01 17:13:27,Pending
ORD_763,"(26.61341, 80.70502)","(26.96067, 80.85033)",3.79,2025-03-01 19:09:26,Pending
ORD_764,"(26.69024, 81.01855)","(26.98409, 80.64718)",1.19,2025-03-01 02:23:10,Pending
ORD_765,"(26.8573, 80.66815)","(26.79931, 81.06994)",1.27,2025-03-01 14:11:56,Pending
ORD_766,"(26.88735, 80.66069)","(27.11089, 80.90644)",4.72,2025-03-01 09:37:23,Pending
ORD_767,"(26.94016, 80.97785)","(26.81035, 80.98297)",6.62,2025-03-01 19:01:12,Pending
ORD_768,"(26.66925, 80.81214)","(27.04952, 80.79867)",7.5,2025-03-01 21:03:27,Pending
ORD_769,"(26.56012, 81.09261)","(26.99571, 81.04815)",9.11,2025-03-01 00:39:40,Pending
ORD_770,"(26.83895, 80.54781)","(26.82561, 81.05484)",8.5,2025-03-01 23:41:09,Pending
ORD_771,"(26.93345, 80.68774)","(26.86951, 80.51332)",6.75,2025-03-01 05:08:11,Pending
ORD_772,"(26.5805, 80.5487)","(26.90717, 80.93618)",9.38,2025-03-01 11:47:20,Pending
ORD_773,"(27.03229, 81.18895)","(27.15625, 80.58919)",7.0,2025-03-01 20:47:23,Pending
ORD_774,"(26.55701, 80.59609)","(26.78735, 81.15623)",6.66,2025-03-01 05:52:50,Pending
ORD_775,"(26.56691, 80.73555)","(27.10823, 80.58557)",5.55,2025-03-01 15:55:04,Pending
ORD_776,"(26.6334, 81.01212)","(27.14827, 81.12535)",7.53,2025-03-01 20:14:06,Pending
ORD_777,"(26.84191, 80.93549)","(26.70429, 81.14217)",3.67,2025-03-01 03:21:38,Pending
ORD_778,"(26.67536, 80.54248)","(27.0221, 80.76966)",9.34,2025-03-01 02:52:37,Pending
ORD_779,"(26.54317, 80.61168)","(26.9256, 81.14943)",2.02,2025-03-01 11:51:38,Pending
ORD_780,"(27.1299, 80.64886)","(26.83658, 80.54292)",3.72,2025-03-01 02:59:09,Pending
ORD_781,"(26.86042, 80.77586)","(26.94923, 81.01852)",5.07,2025-03-01 11:30:36,Pending
ORD_782,"(26.83079, 80.98057)","(26.56237, 80.97286)",6.27,2025-03-01 18:14:44,Pending
ORD_783,"(26.95136, 80.73203)","(26.56855, 81.18204)",7.35,2025-03-01 13:04:51,Pending
ORD_784,"(26.98305, 80.92133)","(26.91485, 80.86984)",7.69,2025-03-01 01:26:56,Pending
ORD_785,"(26.60053, 80.72652)","(26.93146, 80.89529)",5.43,2025-03-01 18:15:26,Pending
ORD_786,"(26.5029, 80.81371)","(27.08973, 81.06925)",8.04,2025-03-01 18:02:00,Pending
ORD_787,"(26.62523, 81.03262)","(26.98362, 80.73808)",9.82,2025-03-01 02:49:19,Pending
ORD_788,"(26.51169, 80.9883)","(26.5518, 81.16831)",9.78,2025-03-01 04:43:57,Pending
ORD_789,"(26.71324, 80.84127)","(26.85738, 80.9666)",6.02,2025-03-01 02:16:09,Pending
ORD_790,"(26.86782, 80.97819)","(26.59854, 81.21119)",3.24,2025-03-01 23:10:04,Pending
ORD_791,"(27.08535, 80.77966)","(27.00571, 80.52162)",4.42,2025-03-01 04:38:59,Pending
ORD_792,"(26.89599, 80.9052)","(26.75029, 80.62779)",1.81,2025-03-01 00:51:36,Pending
ORD_793,"(26.95719, 80.60389)","(26.82251, 80.83047)",7.79,2025-03-01 14:04:25,Pending
ORD_794,"(26.87502, 81.01676)","(27.11584, 80.8245)",6.66,2025-03-01 21:06:45,Pending
ORD_795,"(26.96282, 80.83725)","(27.05912, 80.82863)",3.84,2025-03-01 04:15:38,Pending
ORD_796,"(27.02337, 80.74483)","(26.72696, 80.85137)",2.96,2025-03-01 06:47:10,Pending
ORD_797,"(26.56132, 80.69287)","(26.95793, 81.10178)",6.02,2025-03-01 11:42:16,Pending
ORD_798,"(26.52319, 81.02701)","(26.60746, 81.01011)",5.0,2025-03-01 18:46:57,Pending
ORD_799,"(26.67029, 80.74269)","(27.0999, 80.81305)",1.99,2025-03-01 07:40:39,Pending
ORD_800,"(27.14725, 81.17906)","(26.53468, 81.01073)",2.4,2025-03-01 13:42:13,Pending
ORD_801,"(27.09854, 81.0887)","(27.07561, 80.87783)",5.66,2025-03-01 02:57:06,Pending
ORD_802,"(27.16447, 80.98464)","(26.84617, 80.78769)",9.9,2025-03-01 10:35:16,Pending
ORD_803,"(26.51873, 80.75112)","(26.90817, 80.60517)",5.1,2025-03-01 00:48:07,Pending
ORD_804,"(26.64643, 81.03336)","(26.61458, 80.88373)",3.42,2025-03-01 03:24:30,Pending
ORD_805,"(26.65066, 81.11355)","(26.98408, 81.13381)",8.15,2025-03-01 13:00:09,Pending
ORD_806,"(26.73427, 81.05848)","(26.9508, 80.76334)",1.05,2025-03-01 14:25:55,Pending
ORD_807,"(27.13634, 81.09452)","(26.84977, 80.72854)",1.69,2025-03-01 04:07:19,Pending
ORD_808,"(26.702, 81.193)","(26.57348, 80.9737)",2.99,2025-03-01 22:52:38,Pending
ORD_809,"(26.78186, 81.0073)","(26.76674, 80.78635)",2.12,2025-03-01 19:40:58,Pending
ORD_810,"(26.62406, 81.11541)","(26.96109, 80.91756)",3.06,2025-03-01 02:02:50,Pending
ORD_811,"(26.7373, 80.5268)","(26.78646, 81.18423)",6.25,2025-03-01 01:56:59,Pending
ORD_812,"(27.00473, 80.59237)","(26.72311, 81.17795)",9.29,2025-03-01 06:54:39,Pending
ORD_813,"(26.77376, 80.86692)","(26.60168, 80.83122)",7.86,2025-03-01 04:57:38,Pending
ORD_814,"(27.15625, 80.80576)","(27.00201, 80.87976)",8.84,2025-03-01 09:25:37,Pending
ORD_815,"(26.71454, 80.9967)","(27.11854, 80.98656)",8.24,2025-03-01 21:07:33,Pending
ORD_816,"(26.58916, 80.70146)","(27.11884, 80.86331)",7.36,2025-03-01 14:01:04,Pending
ORD_817,"(26.87774, 80.57977)","(26.96237, 81.2086)",8.32,2025-03-01 00:39:46,Pending
ORD_818,"(26.55046, 81.17278)","(26.72873, 80.90871)",6.11,2025-03-01 08:16:13,Pending
ORD_819,"(26.78663, 80.65146)","(26.50747, 80.54931)",7.32,2025-03-01 20:15:08,Pending
ORD_820,"(26.60415, 80.99003)","(26.56588, 81.06737)",8.44,2025-03-02 00:07:42,Pending
ORD_821,"(26.6324, 80.67367)","(26.52239, 81.21891)",8.82,2025-03-01 19:36:56,Pending
ORD_822,"(27.04656, 80.98347)","(26.57747, 80.587)",7.97,2025-03-01 11:29:40,Pending
ORD_823,"(26.51, 80.88162)","(26.92741, 80.59641)",1.58,2025-03-01 03:02:57,Pending
ORD_824,"(26.88576, 81.0676)","(26.63833, 80.82448)",2.11,2025-03-02 00:08:19,Pending
ORD_825,"(27.03112, 81.02784)","(26.85205, 80.55595)",5.88,2025-03-01 01:01:56,Pending
ORD_826,"(26.64048, 80.91527)","(27.12275, 80.53008)",8.63,2025-03-01 14:34:57,Pending
ORD_827,"(26.97427, 80.78531)","(27.16879, 80.71552)",8.06,2025-03-01 11:17:20,Pending
ORD_828,"(27.15003, 81.20556)","(26.88679, 80.9327)",1.92,2025-03-01 14:08:05,Pending
ORD_829,"(26.78708, 81.07381)","(26.7888, 81.02836)",7.84,2025-03-01 18:57:13,Pending
ORD_830,"(26.90176, 81.03079)","(26.96312, 80.66201)",4.6,2025-03-01 23:52:44,Pending
ORD_831,"(26.52207, 81.0772)","(26.59027, 80.74326)",2.96,2025-03-01 16:03:04,Pending
ORD_832,"(26.65916, 80.83466)","(26.546, 80.69362)",9.16,2025-03-01 11:45:12,Pending
ORD_833,"(26.84914, 81.1285)","(26.89211, 80.55909)",1.46,2025-03-01 03:35:04,Pending
ORD_834,"(26.69225, 80.70327)","(27.08746, 81.07726)",5.04,2025-03-01 21:15:01,Pending
ORD_835,"(26.91062, 80.58294)","(26.73738, 80.88319)",7.13,2025-03-01 18:02:53,Pending
ORD_836,"(27.14057, 80.94073)","(26.67816, 80.97704)",5.49,2025-03-01 18:43:13,Pending
ORD_837,"(26.97307, 80.89589)","(26.98129, 81.02825)",6.94,2025-03-01 23:43:17,Pending
ORD_838,"(26.69913, 80.5283)","(26.9911, 80.83973)",6.14,2025-03-01 21:18:17,Pending
ORD_839,"(27.11467, 81.06307)","(26.58746, 80.53365)",3.1,2025-03-01 21:06:17,Pending
ORD_840,"(26.96425, 80.79964)","(26.86608, 80.68079)",3.53,2025-03-01 17:56:29,Pending
ORD_841,"(27.072, 80.71497)","(27.01573, 80.63588)",9.05,2025-03-01 22:36:38,Pending
ORD_842,"(26.9815, 80.56217)","(26.67286, 80.80322)",9.19,2025-03-01 04:09:17,Pending
ORD_843,"(26.67503, 80.92997)","(26.77657, 80.5696)",7.37,2025-03-01 07:20:23,Pending
ORD_844,"(27.02156, 80.84183)","(26.67589, 80.55877)",2.4,2025-03-01 11:57:05,Pending
ORD_845,"(26.5407, 81.00754)","(27.12655, 80.53535)",5.08,2025-03-01 19:28:49,Pending
ORD_846,"(26.92084, 80.56223)","(26.8629, 81.07398)",1.76,2025-03-01 08:16:57,Pending
ORD_847,"(27.13441, 81.17225)","(26.59023, 80.84597)",3.28,2025-03-01 15:15:55,Pending
ORD_848,"(27.09174, 80.67593)","(26.67981, 81.16825)",8.63,2025-03-02 00:03:00,Pending
ORD_849,"(26.61623, 80.70058)","(27.05896, 80.86716)",8.84,2025-03-01 10:19:08,Pending
ORD_850,"(26.60798, 81.17734)","(26.64879, 80.86565)",2.33,2025-03-01 06:30:56,Pending
ORD_851,"(26.88422, 80.62652)","(26.57943, 80.83699)",2.71,2025-03-01 13:03:37,Pending
ORD_852,"(26.71969, 81.14917)","(26.91869, 80.53191)",4.34,2025-03-01 04:32:35,Pending
ORD_853,"(27.08173, 81.0574)","(26.61271, 81.06135)",1.58,2025-03-01 13:45:16,Pending
ORD_854,"(26.57697, 81.0607)","(26.70926, 80.94569)",6.64,2025-03-01 06:18:25,Pending
ORD_855,"(26.50954, 81.07362)","(27.0642, 81.02522)",7.43,2025-03-01 06:16:55,Pending
ORD_856,"(26.8173, 81.15441)","(26.67824, 80.53362)",3.41,2025-03-01 02:16:04,Pending
ORD_857,"(26.82352, 80.77238)","(26.9817, 80.65501)",2.11,2025-03-01 13:20:35,Pending
ORD_858,"(27.11447, 81.13715)","(27.15165, 81.19646)",6.28,2025-03-01 16:41:08,Pending
ORD_859,"(26.9534, 80.69662)","(26.84134, 80.99259)",5.46,2025-03-01 18:18:12,Pending
ORD_860,"(26.65824, 80.81187)","(26.93094, 80.60705)",1.07,2025-03-01 03:23:35,Pending
ORD_861,"(27.11388, 80.78317)","(26.65529, 81.13944)",7.68,2025-03-01 15:47:07,Pending
ORD_862,"(26.7899, 80.87873)","(26.65386, 81.16682)",6.25,2025-03-01 04:06:41,Pending
ORD_863,"(26.71417, 81.07102)","(27.08337, 80.67522)",1.36,2025-03-01 13:48:58,Pending
ORD_864,"(27.12739, 81.13979)","(26.73416, 81.14281)",9.48,2025-03-01 02:16:13,Pending
ORD_865,"(27.00987, 81.08477)","(26.7663, 81.06749)",6.14,2025-03-01 11:40:22,Pending
ORD_866,"(27.11456, 80.60015)","(27.14529, 80.7625)",5.89,2025-03-01 12:50:47,Pending
ORD_867,"(27.02492, 81.1766)","(26.52484, 80.77885)",2.99,2025-03-01 07:23:42,Pending
ORD_868,"(27.09977, 80.90634)","(27.02132, 80.96283)",5.78,2025-03-01 21:53:44,Pending
ORD_869,"(26.95889, 80.92978)","(26.84093, 80.71929)",1.38,2025-03-01 06:01:37,Pending
ORD_870,"(27.14948, 81.15098)","(26.90079, 80.91748)",6.27,2025-03-01 21:34:05,Pending
ORD_871,"(26.77957, 81.1622)","(26.91344, 81.1867)",1.09,2025-03-01 18:54:28,Pending
ORD_872,"(26.9945, 80.65892)","(27.02299, 80.90712)",6.02,2025-03-01 08:44:11,Pending
ORD_873,"(26.69626, 80.79385)","(26.94996, 81.10218)",1.66,2025-03-01 18:23:56,Pending
ORD_874,"(27.12935, 81.11301)","(27.00495, 81.19933)",9.51,2025-03-01 18:51:33,Pending
ORD_875,"(27.15235, 81.18389)","(27.12873, 80.57423)",3.31,2025-03-01 19:08:11,Pending
ORD_876,"(27.0762, 80.81315)","(26.97481, 81.00235)",3.11,2025-03-01 08:44:21,Pending
ORD_877,"(26.64808, 80.71542)","(26.85205, 81.03548)",9.43,2025-03-01 16:56:24,Pending
ORD_878,"(26.68747, 81.16835)","(26.8922, 80.89176)",8.15,2025-03-01 07:10:12,Pending
ORD_879,"(27.00996, 81.15216)","(26.61694, 80.58859)",2.26,2025-03-01 07:47:00,Pending
ORD_880,"(26.69406, 80.72301)","(27.04282, 80.57943)",7.06,2025-03-01 20:35:54,Pending
ORD_881,"(27.09044, 81.1505)","(27.16772, 81.18608)",2.04,2025-03-01 13:47:25,Pending
ORD_882,"(26.83486, 80.51996)","(26.6938, 80.63518)",9.96,2025-03-01 10:52:41,Pending
ORD_883,"(26.7077, 80.80141)","(26.67806, 80.6924)",6.36,2025-03-01 21:46:04,Pending
ORD_884,"(26.6299, 80.60615)","(27.01867, 80.52244)",2.0,2025-03-01 20:35:10,Pending
ORD_885,"(26.98405, 81.21466)","(26.67213, 80.88341)",9.97,2025-03-01 03:38:17,Pending
ORD_886,"(26.60041, 80.60968)","(26.80657, 80.52239)",2.46,2025-03-01 21:05:06,Pending
ORD_887,"(27.08367, 80.839)","(26.56589, 81.10721)",2.41,2025-03-02 00:12:59,Pending
ORD_888,"(26.9865, 81.09427)","(26.92052, 80.52925)",9.8,2025-03-01 22:44:24,Pending
ORD_889,"(27.07191, 81.02152)","(26.59075, 80.54121)",7.78,2025-03-01 14:12:31,Pending
ORD_890,"(26.59222, 81.1893)","(26.50158, 80.97646)",6.46,2025-03-01 16:02:43,Pending
ORD_891,"(26.93466, 80.65732)","(26.52819, 80.62766)",7.61,2025-03-01 20:11:46,Pending
ORD_892,"(26.65616, 80.80232)","(26.94718, 80.70646)",3.07,2025-03-01 09:13:38,Pending
ORD_893,"(26.56943, 80.52621)","(26.57949, 80.71321)",4.01,2025-03-01 16:27:12,Pending
ORD_894,"(26.5253, 81.18902)","(26.6372, 80.93505)",2.87,2025-03-01 13:34:04,Pending
ORD_895,"(26.73391, 80.6849)","(26.57115, 81.19591)",8.13,2025-03-01 08:37:56,Pending
ORD_896,"(26.60988, 80.9156)","(26.88828, 80.85435)",2.18,2025-03-01 18:15:49,Pending
ORD_897,"(27.14506, 81.14963)","(26.70768, 80.88291)",4.36,2025-03-02 00:42:13,Pending
ORD_898,"(26.53899, 80.99015)","(26.79309, 80.62757)",4.66,2025-03-01 20:15:16,Pending
ORD_899,"(26.65854, 80.62118)","(27.04668, 80.7918)",4.44,2025-03-01 10:47:25,Pending
ORD_900,"(27.06454, 80.74212)","(26.85611, 81.18867)",1.89,2025-03-01 17:13:43,Pending
ORD_901,"(26.71712, 80.75752)","(26.65054, 81.17331)",5.23,2025-03-02 00:15:47,Pending
ORD_902,"(27.00587, 81.09391)","(26.79579, 80.80174)",9.33,2025-03-01 03:42:57,Pending
ORD_903,"(26.51043, 80.50641)","(26.56119, 80.88702)",6.01,2025-03-01 03:06:58,Pending
ORD_904,"(26.76859, 80.7494)","(27.02126, 80.89286)",4.96,2025-03-01 22:51:15,Pending
ORD_905,"(26.56316, 81.03898)","(27.03684, 80.86842)",2.57,2025-03-01 20:53:51,Pending
ORD_906,"(26.75712, 80.94064)","(26.85082, 80.94018)",6.18,2025-03-01 18:25:39,Pending
ORD_907,"(26.89581, 80.95348)","(26.79953, 81.12904)",3.59,2025-03-01 04:23:52,Pending
ORD_908,"(27.08899, 80.73785)","(26.56161, 81.09427)",9.06,2025-03-01 10:40:08,Pending
ORD_909,"(26.8012, 81.21683)","(26.6208, 80.80023)",2.23,2025-03-01 05:59:16,Pending
ORD_910,"(26.85029, 81.1584)","(26.54679, 80.99557)",1.08,2025-03-01 06:56:18,Pending
ORD_911,"(26.8679, 80.6564)","(26.99418, 80.52087)",4.61,2025-03-01 09:59:49,Pending
ORD_912,"(26.7915, 80.79429)","(26.67622, 80.59835)",8.23,2025-03-01 20:42:46,Pending
ORD_913,"(26.66637, 80.74773)","(26.98359, 80.50269)",4.44,2025-03-01 16:24:36,Pending
ORD_914,"(26.64318, 80.92055)","(27.16137, 80.53769)",7.3,2025-03-01 10:50:07,Pending
ORD_915,"(26.83752, 81.19016)","(26.72585, 80.92677)",1.42,2025-03-01 05:38:19,Pending
ORD_916,"(26.53847, 80.86155)","(26.56243, 80.99488)",2.96,2025-03-01 21:50:47,Pending
ORD_917,"(27.0608, 80.89263)","(26.92242, 80.77144)",9.96,2025-03-01 19:58:21,Pending
ORD_918,"(27.11439, 81.19536)","(27.09319, 80.55841)",2.36,2025-03-01 10:19:00,Pending
ORD_919,"(26.95395, 80.87508)","(26.80818, 80.94584)",1.96,2025-03-01 10:45:26,Pending
ORD_920,"(27.09271, 80.88677)","(26.64525, 80.69342)",9.51,2025-03-01 10:42:12,Pending
ORD_921,"(27.03402, 80.78931)","(26.52743, 81.00669)",5.5,2025-03-01 11:20:35,Pending
ORD_922,"(27.15092, 80.88403)","(26.65441, 80.96554)",2.74,2025-03-01 08:44:53,Pending
ORD_923,"(26.87892, 81.04821)","(26.63182, 80.64368)",5.8,2025-03-01 09:02:09,Pending
ORD_924,"(27.01469, 80.52388)","(26.87136, 80.66328)",4.6,2025-03-01 23:39:08,Pending
ORD_925,"(26.78195, 81.1075)","(26.75591, 80.71962)",8.25,2025-03-01 05:25:43,Pending
ORD_926,"(26.82646, 80.69426)","(26.72204, 81.19316)",3.49,2025-03-01 18:30:22,Pending
ORD_927,"(26.89156, 80.79194)","(26.7983, 81.13124)",8.68,2025-03-01 03:27:06,Pending
ORD_928,"(26.61914, 80.69616)","(26.67004, 80.7461)",6.65,2025-03-01 01:52:15,Pending
ORD_929,"(26.68051, 80.50609)","(26.85302, 81.05235)",6.23,2025-03-01 20:39:35,Pending
ORD_930,"(27.00391, 81.04463)","(26.58613, 80.79158)",1.8,2025-03-01 22:41:55,Pending
ORD_931,"(26.78468, 81.21165)","(27.08014, 81.17204)",4.29,2025-03-01 00:31:00,Pending
ORD_932,"(26.95388, 81.03234)","(27.04126, 80.54117)",6.53,2025-03-01 07:14:46,Pending
ORD_933,"(27.05783, 80.96676)","(26.88414, 80.57646)",2.91,2025-03-01 10:47:53,Pending
ORD_934,"(27.13601, 80.7463)","(27.10583, 81.11544)",8.75,2025-03-02 00:03:54,Pending
ORD_935,"(26.57775, 81.08182)","(26.99289, 80.87434)",4.4,2025-03-01 22:36:00,Pending
ORD_936,"(27.13537, 80.58977)","(27.00604, 81.18515)",8.53,2025-03-02 00:13:17,Pending
ORD_937,"(26.51464, 80.52098)","(26.6734, 81.1708)",3.13,2025-03-01 23:09:49,Pending
ORD_938,"(26.87693, 80.83065)","(26.73495, 81.20043)",9.04,2025-03-01 05:51:32,Pending
ORD_939,"(26.65133, 80.60018)","(26.9802, 81.03023)",3.27,2025-03-01 12:49:58,Pending
ORD_940,"(27.12547, 80.97636)","(26.94238, 80.63383)",8.7,2025-03-01 14:55:42,Pending
ORD_941,"(26.83584, 80.67394)","(26.92037, 80.95391)",9.77,2025-03-01 08:32:42,Pending
ORD_942,"(26.60975, 80.98213)","(27.13953, 81.18552)",3.47,2025-03-01 17:21:55,Pending
ORD_943,"(26.56847, 80.87217)","(27.01389, 81.09105)",7.05,2025-03-01 15:18:14,Pending
ORD_944,"(26.60951, 80.97443)","(26.71749, 80.90186)",6.46,2025-03-01 05:33:15,Pending
ORD_945,"(26.96547, 80.82731)","(27.11215, 80.73113)",6.27,2025-03-01 07:03:44,Pending
ORD_946,"(27.13354, 81.21552)","(26.52294, 80.74037)",9.19,2025-03-01 06:05:02,Pending
ORD_947,"(26.73954, 80.78436)","(26.62353, 81.10521)",4.23,2025-03-01 21:42:33,Pending
ORD_948,"(26.63681, 80.67355)","(27.07071, 80.85046)",5.48,2025-03-01 01:51:28,Pending
ORD_949,"(26.98158, 80.84965)","(27.12722, 80.91408)",2.66,2025-03-01 01:09:59,Pending
ORD_950,"(26.74839, 80.57913)","(27.16121, 80.53958)",1.79,2025-03-02 00:36:44,Pending
ORD_951,"(26.73936, 81.21838)","(26.99938, 81.0662)",4.59,2025-03-01 07:11:06,Pending
ORD_952,"(26.83769, 80.8541)","(26.93183, 80.67957)",3.08,2025-03-01 07:08:41,Pending
ORD_953,"(26.92229, 80.84952)","(27.0318, 80.60028)",5.4,2025-03-01 08:29:47,Pending
ORD_954,"(26.50417, 80.61945)","(26.92129, 80.59668)",9.88,2025-03-01 11:40:15,Pending
ORD_955,"(26.8552, 80.93736)","(26.60791, 81.10021)",4.32,2025-03-01 00:33:44,Pending
ORD_956,"(26.87641, 80.65393)","(26.89704, 80.69834)",4.27,2025-03-01 23:59:46,Pending
ORD_957,"(27.07348, 80.52722)","(26.9253, 80.52364)",9.25,2025-03-01 05:41:48,Pending
ORD_958,"(26.60829, 81.21616)","(26.5894, 81.16016)",5.01,2025-03-01 21:30:14,Pending
ORD_959,"(26.79449, 80.89255)","(27.03703, 81.19307)",8.5,2025-03-01 21:14:03,Pending
ORD_960,"(26.81579, 80.69187)","(26.50232, 80.76347)",5.03,2025-03-01 01:08:15,Pending
ORD_961,"(27.08202, 81.04477)","(26.97172, 80.94439)",3.77,2025-03-01 01:02:04,Pending
ORD_962,"(27.06194, 80.56699)","(26.75807, 80.58814)",8.4,2025-03-01 04:03:23,Pending
ORD_963,"(26.8158, 80.78917)","(26.96577, 80.71715)",8.02,2025-03-01 06:29:35,Pending
ORD_964,"(27.04881, 80.55009)","(26.83271, 81.02659)",5.99,2025-03-01 23:13:27,Pending
ORD_965,"(27.07757, 80.613)","(27.14983, 80.67943)",5.07,2025-03-01 21:29:58,Pending
ORD_966,"(26.72709, 80.93692)","(26.79684, 80.6719)",4.81,2025-03-01 21:16:47,Pending
ORD_967,"(26.93069, 80.52373)","(26.69219, 80.7394)",9.46,2025-03-01 00:57:57,Pending
ORD_968,"(26.59616, 81.17471)","(26.64788, 80.7165)",7.35,2025-03-01 23:55:56,Pending
ORD_969,"(27.14507, 80.64541)","(26.62789, 80.58039)",5.37,2025-03-01 15:03:45,Pending
ORD_970,"(27.10637, 80.57198)","(26.68089, 80.81216)",4.07,2025-03-02 00:12:16,Pending
ORD_971,"(26.70404, 80.81093)","(27.02728, 80.82873)",1.56,2025-03-01 16:26:47,Pending
ORD_972,"(27.16397, 80.82403)","(26.93541, 80.84785)",5.78,2025-03-01 11:08:02,Pending
ORD_973,"(27.04525, 81.09842)","(26.58787, 81.08612)",9.59,2025-03-01 12:32:09,Pending
ORD_974,"(27.05629, 81.07885)","(26.70458, 81.20316)",6.37,2025-03-01 04:39:01,Pending
ORD_975,"(27.16612, 81.15186)","(26.59571, 81.17684)",9.05,2025-03-01 22:03:22,Pending
ORD_976,"(26.96956, 80.68023)","(26.76604, 80.65974)",2.3,2025-03-01 08:14:50,Pending
ORD_977,"(26.84059, 81.10337)","(27.06498, 80.86935)",2.9,2025-03-01 03:49:03,Pending
ORD_978,"(26.88669, 80.51063)","(26.9536, 80.50024)",4.71,2025-03-01 21:33:05,Pending
ORD_979,"(26.73633, 80.82096)","(26.54285, 80.93322)",1.32,2025-03-01 12:52:55,Pending
ORD_980,"(26.84264, 80.68303)","(27.09041, 81.16039)",2.68,2025-03-01 09:20:25,Pending
ORD_981,"(27.01516, 81.09573)","(26.93062, 80.56886)",9.54,2025-03-01 02:07:00,Pending
ORD_982,"(26.54118, 80.70434)","(26.88464, 80.57162)",9.25,2025-03-01 09:05:49,Pending
ORD_983,"(27.08894, 80.92857)","(27.05847, 80.8575)",9.46,2025-03-01 21:19:51,Pending
ORD_984,"(26.77808, 80.63855)","(26.56182, 80.60026)",9.16,2025-03-01 03:34:46,Pending
ORD_985,"(26.92208, 80.8773)","(26.68033, 81.02601)",2.9,2025-03-01 14:55:45,Pending
ORD_986,"(26.73133, 80.54825)","(26.53561, 81.03481)",2.78,2025-03-01 21:59:33,Pending
ORD_987,"(26.76494, 80.85751)","(27.1639, 81.00227)",4.26,2025-03-01 09:26:21,Pending
ORD_988,"(26.82585, 81.04362)","(26.72434, 81.15075)",1.53,2025-03-01 01:26:33,Pending
ORD_989,"(27.00577, 80.79737)","(26.51698, 80.8517)",3.29,2025-03-01 23:30:45,Pending
ORD_990,"(26.92109, 80.8397)","(26.94567, 81.15682)",8.49,2025-03-01 09:06:23,Pending
ORD_991,"(26.63104, 80.50804)","(26.95548, 80.70499)",8.73,2025-03-01 13:04:47,Pending
ORD_992,"(26.98194, 80.73094)","(26.59269, 80.85577)",1.04,2025-03-01 21:51:02,Pending
ORD_993,"(26.95428, 80.96083)","(26.51746, 80.91484)",1.64,2025-03-01 07:18:04,Pending
ORD_994,"(26.9063, 80.69449)","(26.88861, 80.7703)",5.2,2025-03-01 14:56:19,Pending
ORD_995,"(26.90567, 80.75607)","(27.03001, 80.53325)",6.49,2025-03-01 23:45:34,Pending
ORD_996,"(26.80276, 80.97744)","(27.1221, 80.86533)",6.99,2025-03-01 08:01:34,Pending
ORD_997,"(26.74619, 80.53563)","(26.5031, 80.76827)",2.04,2025-03-01 20:21:45,Pending
ORD_998,"(26.66662, 80.95714)","(27.06221, 80.72686)",1.93,2025-03-01 03:19:53,Pending
ORD_999,"(26.86764, 80.65002)","(26.85141, 81.17008)",9.46,2025-03-01 14:28:14,Pending
ORD_1000,"(26.62108, 80.55806)","(26.98391, 80.9912)",2.91,2025-03-01 10:43:12,Pending
